:020000040800F2
:10000000881D0124E503000809D40008A9C90008D7
:1000100001D400082908000881040108000000003C
:1000200000000000000000000000000019DB0008D4
:10003000A11600080000000081D4000879DB000848
:10004000FF030008FF030008FF030008FF03000888
:10005000FF030008FF030008FF030008FF03000878
:10006000FF030008FF030008FF030008D10A00088F
:10007000E10A0008F10A0008010B0008110B000852
:10008000210B0008310B0008FF030008D1160008FF
:10009000E1160008FF030008FF030008FF03000843
:1000A000FF030008FF030008FF030008FF03000828
:1000B000FF030008FF03000891DD0008FF030008AC
:1000C000FF030008FF030008FF03000829D8000809
:1000D00039D80008FF030008610401087104010811
:1000E000A9160008FF03000800000000FF03000835
:1000F000FF030008FF030008FF030008410B00088E
:10010000FF030008FF030008A1DD0008FF0300084B
:10011000FF03000821EA0008FF030008FF030008AE
:10012000510B0008FF030008610B0008710B000869
:10013000FF030008FF030008FF030008FF03000897
:1001400000000000000000000000000000000000AF
:10015000FF030008FF030008FF030008FF03000877
:10016000FF030008FF030008FF030008FF03000867
:10017000FF030008FF030008FF0300080000000061
:10018000FF030008FF03000831EA0008FF0300082E
:10019000FF030008FF030008FF030008FF03000837
:1001A000FF030008FF030008FF0300080000000031
:1001B000FF030008FF030008FF030008FF03000817
:1001C000FF030008FF03000800000000000000001B
:1001D0000000000000000000FF0300080000000015
:1001E000000000000000000000000000000000000F
:1001F0000000000000000000FF030008FF030008EB
:10020000FF030008FF03000800000000FF030008D0
:10021000FF030008FF030008FF030008FF030008B6
:10022000FF03000800000000FF03000800000000BA
:10023000FF030008FF03000800000000FF030008A0
:10024000FF030008FF030008FF030008FF03000886
:10025000FF030008FF030008FF030008FF03000876
:10026000FF030008FF030008FF030008FF03000866
:10027000FF030008FF030008FF0300080000000060
:10028000FF030008FF030008FF030008FF03000846
:1002900000000000FF030008FF030008000000004A
:1002A00000000000FF030008FF030008FF03000830
:1002B00051040108FF030008FF030008F1160008BD
:1002C000FF030008FF030008FF03000800F002F826
:1002D00000F078F814A696E8000CB244B344DA456E
:1002E00001D100F06FF8BAE80F000FA696E83000D1
:1002F000A5EB040504EB0607AAEB0704A7F1010729
:100300004FEA15154FEA3414A4F10104AC4201D3AD
:1003100000F058F813F0010F18BFFB1A43F0010367
:1003200000F001F8DBE7184788870100A887010083
:100330000A4410F8013B13F0030408BF10F8014B06
:100340001D1108BF10F8015B641E05D010F8016B89
:10035000641E01F8016BF9D1002D15D010F8014B86
:1003600003F00C030C2BA1EB04040ABF10F8013BB3
:10037000A4EB8314A4EB032405F1010314F8016B2F
:100380005B1E01F8016BF9D5914238BF10F8013BB3
:10039000D1D37047704700000023002400250026B9
:1003A000103A28BF78C1FBD8520728BF30C148BFD8
:1003B0000B6070471FB518F062F800F0D5F91FBD4B
:1003C00010B510BD00F0FBF91146FFF7F3FF17F071
:1003D0005FFB00F019FA03B4FFF7F2FF03BC00F073
:1003E0001DFA00000948804709480047FEE7FEE77C
:1003F000FEE7FEE7FEE7FEE7FEE7FEE7FEE7FEE7D5
:1004000004480549054A064B7047000051DC0008C6
:10041000CD020008883D0024881D0124889D002409
:10042000889D002453EA020C00F069802DE9F04B0E
:100430004FF00006002B1FBFB3FA83F503FA05F453
:1004400024FA05F65E4012BF1643B2FA82F502FAAC
:1004500005F4C5F120051EBF22FA05FC44EA0C0490
:10046000203556EA044C4FEA144418BF641C4FF080
:1004700000084FF00009904271EB030C39D30029BA
:1004800019BFB1FA81F701FA07F6B0FA80F700FA5E
:1004900007F6C7F120071EBF20FA07FC46EA0C0644
:1004A0002037B6FBF4FCA7EB0507103F07F01F0B46
:1004B000CBF120062CFA06F60CFA0BFB44BFB34630
:1004C0000026202FA4BF5E464FF0000B5BEA060C0F
:1004D00008BF4FF0010B19EB0B0948EB0608ABFB0B
:1004E000027C06FB02CC0BFB03CCC01B71EB0C01A6
:1004F000C1E70B46024641464846BDE8F08B13B5BE
:10050000084318BF4FF0FF300146AFF30080BDE84D
:100510001C40704753EA020C23D010B54C1084EAFB
:10052000530404D54042C1F1000138BF491E1B42AB
:1005300004D55242C3F1000338BF5B1EFFF772FFC0
:1005400014F0804F04D04042C1F1000138BF491E71
:1005500014F0004F04D05242C3F1000338BF5B1EB9
:1005600010BD13B540424FF0000070EB0104B8BF5E
:10057000012001F0004100281CBF6FF000414FF046
:10058000FF30AFF300801CBD40EA010310B59B07AC
:100590000FD1042A0DD310C808C9121F9C42F8D0ED
:1005A00020BA19BA884201D9012010BD4FF0FF309E
:1005B00010BD1AB1D30703D0521C07E0002010BDB4
:1005C00010F8013B11F8014B1B1B07D110F8013B40
:1005D00011F8014B1B1B01D1921EF1D1184610BD21
:1005E000032A40F2308010F0030C00F0158011F85F
:1005F000013BBCF1020F624498BF11F801CB00F837
:10060000013B38BF11F8013BA2F1040298BF00F88A
:1006100001CB38BF00F8013B11F0030300F0258047
:10062000083AC0F0088051F8043B083A51F804CB6E
:10063000A0E80810F5E7121D5CBF51F8043B40F834
:10064000043BAFF30080D20724BF11F8013B11F83F
:1006500001CB48BF11F8012B24BF00F8013B00F883
:1006600001CB48BF00F8012B704710B5203AC0F00D
:100670000B80B1E81850A0E81850B1E81850A0E875
:100680001850203ABFF4F5AF5FEA027C24BFB1E80E
:100690001850A0E8185044BF18C918C0BDE8104051
:1006A0005FEA827C24BF51F8043B40F8043B08BF5A
:1006B0007047D20728BF31F8023B48BF11F8012B21
:1006C00028BF20F8023B48BF00F8012B70474FF0CD
:1006D00000020429C0F0128010F0030C00F01B800F
:1006E000CCF1040CBCF1020F18BF00F8012BA8BF1D
:1006F00020F8022BA1EB0C0100F00DB85FEAC17CE1
:1007000024BF00F8012B00F8012B48BF00F8012B93
:1007100070474FF0000200B51346944696462039C4
:1007200022BFA0E80C50A0E80C50B1F12001BFF4AA
:10073000F7AF090728BFA0E80C5048BF0CC05DF810
:1007400004EB890028BF40F8042B08BF704748BF5E
:1007500020F8022B11F0804F18BF00F8012B7047D2
:10076000704770477047000008487CB57844009097
:1007700007487844009C0546019004E02046016843
:1007800008448047241DAC42F8D17CBD6083010041
:100790006683010010B500F00DF8006810BD10B5BB
:1007A000044600F007F8046010BD000000487047E0
:1007B00040050024004870474005002470477546F6
:1007C000FFF7F4FFAE4605006946534620F00700E8
:1007D000854618B020B5FFF713FEBDE820404FF066
:1007E00000064FF000074FF000084FF0000BAC463A
:1007F000ACE8C009ACE8C009ACE8C009ACE8C00985
:1008000021F007018D46704710B50446AFF3008014
:100810002046BDE81040FFF7DEBD0000014918206A
:10082000ABBEFEE726000200FFE7FEE70000000087
:1008300080B594B013901291139800684AF20001A9
:10084000C4F20001884221D1FFE7139840F2E05141
:10085000C2F20041086012984863002008900A9094
:100860000B9002210C91012107910D910E900F9098
:1008700043F2C860C2F2004009900AA904F098FB54
:100880000799089A099804F04FFA61E013980068F4
:100890004AF20041C4F2000188421FD1FFE71398D9
:1008A00040F25861C2F2004108601298486300208B
:1008B00005900A900B9002210C910D910E900F90D3
:1008C00043F26870C2F2004006900AA904F070FB7F
:1008D000059A0698102104F027FA38E0139800686A
:1008E0004DF20041C4F2000188422FD1FFE7139876
:1008F00040F29061C2F20041086012984863002003
:1009000003900A900B90022101910C910121029118
:100910000D910E900F9043F60800C2F20040049033
:100920000AA904F045FB019A029B049869460B60F2
:10093000114604F0C9FB029A0498114604F0E4FA47
:100940000299039A049804F0EFF9FFE7FFE7FFE745
:10095000139805F075FC14B080BD00000000000085
:1009600080B58EB00D90ADF832100B92ADF82A30F4
:10097000BDF832000190002002900390BDF82A00DB
:10098000082804DCFFE7BDF82A000490FFE7BDF863
:100990002A000C2803D1FFE709200490FFE7BDF8E7
:1009A0002A00102803D1FFE70A200490FFE7BDF8D2
:1009B0002A00142803D1FFE70B200490FFE7BDF8BD
:1009C0002A00182803D1FFE70C200490FFE7BDF8A8
:1009D0002A00202803D1FFE70D200490FFE7BDF88F
:1009E0002A00302803D1FFE70E200490FFE7BDF86E
:1009F0002A00402803D1FFE70F200490FFE70020E2
:100A0000059006900790089009900D980B9A01A9FF
:100A100004F00AFA0EB080BD80B58EB00D900C9136
:100A20000B92ADF82A300C9801904FF08040029064
:100A300000200390BDF82A00082804DCFFE7BDF879
:100A40002A000490FFE7BDF82A000C2803D1FFE735
:100A500009200490FFE7BDF82A00102803D1FFE722
:100A60000A200490FFE7BDF82A00142803D1FFE70D
:100A70000B200490FFE7BDF82A00182803D1FFE7F8
:100A80000C200490FFE7BDF82A00202803D1FFE7DF
:100A90000D200490FFE7BDF82A00302803D1FFE7BE
:100AA0000E200490FFE7BDF82A00402803D1FFE79D
:100AB0000F200490FFE70020059006900790089013
:100AC00009900D980B9A01A904F0AEF90EB080BD03
:100AD00080B543F2D850C2F2004001F0EDFF80BD76
:100AE00080B543F29020C2F2004001F0E5FF80BDE6
:100AF00080B543F21820C2F2004001F0DDFF80BD56
:100B000080B543F27040C2F2004001F0D5FF80BDD5
:100B100080B543F25060C2F2004001F0CDFF80BDCD
:100B200080B543F2F830C2F2004001F0C5FF80BD4D
:100B300080B543F20830C2F2004001F0BDFF80BD35
:100B400080B543F28030C2F2004001F0B5FF80BDB5
:100B500080B543F2A010C2F2004001F0ADFF80BDAD
:100B600080B543F2E840C2F2004001F0A5FF80BD2D
:100B700080B543F26050C2F2004001F09DFF80BD9D
:100B800083B002900298016801201022C4F2020290
:100B90009142009000F0A380FFE7029801680120D5
:100BA0002822C4F202029142009000F09880FFE7F0
:100BB0000298016801204022C4F202029142009092
:100BC00000F08D80FFE70298016801205822C4F2EE
:100BD00002029142009000F08280FFE702980168D3
:100BE00001207022C4F202029142009077D0FFE708
:100BF0000298016801208822C4F20202914200900A
:100C00006DD0FFE7029801680120A022C4F2020221
:100C10009142009063D0FFE7029801680120B8225A
:100C2000C4F202029142009059D0FFE70298016895
:100C3000012040F21042C4F20202914200904ED0D4
:100C4000FFE702980168012040F22842C4F2020244
:100C50009142009043D0FFE702980168012040F2E2
:100C60004042C4F202029142009038D0FFE702985D
:100C70000168012040F25842C4F202029142009001
:100C80002DD0FFE702980168012040F27042C4F2C3
:100C900002029142009022D0FFE7029801680120F1
:100CA00040F28842C4F202029142009017D0FFE75E
:100CB00002980168012040F2A042C4F2020291426F
:100CC00000900CD0FFE7029800684FF64831CBF651
:100CD000FD710844B0FA80F040090090FFE70098E9
:100CE000C00740B3FFE70298007810384AF6AB21FE
:100CF000CAF6AA21A0FB011000090190019800F09A
:100D0000070148F25060C0F60100405C0299C865D6
:100D10000198042807D3FFE702990868042262F3C8
:100D20000900886506E00299086840F2FF329043A6
:100D30008865FFE705E00299086820F0FF008865F4
:100D4000FFE70298806D03B07047000000000000CC
:100D500084B0039003980068019003980168012013
:100D600045F20842C5F60202914200904ED0FFE7DC
:100D700003980168012045F21C42C5F60202914227
:100D8000009043D0FFE703980168012045F230420C
:100D9000C5F602029142009038D0FFE7039801683F
:100DA000012045F24442C5F60202914200902DD046
:100DB000FFE703980168012045F25842C5F6020298
:100DC0009142009022D0FFE703980168012045F28C
:100DD0006C42C5F602029142009017D0FFE70398DB
:100DE0000168012045F28042C5F60202914200905E
:100DF0000CD0FFE7039800684AF66C31CAF2FD7127
:100E00000844B0FA80F040090090FFE70098C0075E
:100E100010B3FFE70398007808384CF6CD41CCF6C4
:100E2000CC41A0FB011000090290029945F6000098
:100E3000C5F6020000EB810003990866039945F6A8
:100E40008000C5F602004866029800F01F010120EC
:100E500088400399886635E00398007810384AF690
:100E6000AB21CAF6AA21A0FB01100009029001984B
:100E700040F2B841C4F2020188420CD8FFE7019861
:100E800040F21041C4F20201884204D3FFE7029805
:100E900008300290FFE7029940F60000C4F2020019
:100EA00000EB810003990866039940F68000C4F2C4
:100EB00002004866029800F01F0101208840039953
:100EC0008866FFE704B0704783B00290029800790B
:100ED00001900198002800F08A80FFE70198082817
:100EE00000F28580FFE702980168012045F2084280
:100EF000C5F60202914200904ED0FFE702980168C9
:100F0000012045F21C42C5F602029142009043D0F6
:100F1000FFE702980168012045F23042C5F602025F
:100F20009142009038D0FFE702980168012045F215
:100F30004442C5F60202914200902DD0FFE702988C
:100F40000168012045F25842C5F602029142009024
:100F500022D0FFE702980168012045F26C42C5F6F5
:100F600002029142009017D0FFE702980168012029
:100F700045F28042C5F60202914200900CD0FFE794
:100F8000029800684AF66C31CAF2FD710844B0FA62
:100F900080F040090090FFE70098C00780B1FFE7AC
:100FA000019945F6FC00C5F6020000EB81000299AC
:100FB000C866029945F64010C5F6020008670FE0C2
:100FC000019940F6FC00C4F2020000EB8100029996
:100FD000C866029940F64010C4F202000867FFE7B5
:100FE0000198411E0120884002994867FFE703B03D
:100FF000704700000000000085B0049000208DF8CC
:101000000F000498806918BBFFE70498806A02907B
:1010100003281BD80299DFE801F0020D021804989A
:1010200090F82F00C00720B1FFE701208DF80F00D6
:10103000FFE70CE00498C06AB0F1C07F04D1FFE77D
:1010400001208DF80F00FFE701E000E0FFE747E037
:1010500004988069B0F5005F26D1FFE70498806AA4
:10106000019003281ED80199DFE801F00206021161
:1010700001208DF80F0016E0049890F82F00C007AB
:1010800020B1FFE701208DF80F00FFE70BE0049887
:10109000C06AB0F1C07F04D1FFE701208DF80F00D6
:1010A000FFE700E0FFE71AE00498806A0090032859
:1010B00004D3FFE70098032804D00EE001208DF848
:1010C0000F000BE0049890F82F00C00720B1FFE755
:1010D00001208DF80F00FFE700E0FFE7FFE7FFE7E3
:1010E0009DF80F0005B0704789B0089007910692EF
:1010F00005930898806D04900898806D0390089877
:10110000016801201022C4F202029142029000F014
:101110000381FFE70898016801202822C4F2020237
:101120009142029000F0F880FFE7089801680120E2
:101130004022C4F202029142029000F0ED80FFE7EB
:101140000898016801205822C4F2020291420290DC
:1011500000F0E280FFE70898016801207022C4F2E5
:1011600002029142029000F0D780FFE708980168E0
:1011700001208822C4F202029142029000F0CC8049
:10118000FFE7089801680120A022C4F20202914200
:10119000029000F0C180FFE7089801680120B822A2
:1011A000C4F202029142029000F0B680FFE7089874
:1011B0000168012040F21042C4F202029142029002
:1011C00000F0AA80FFE708980168012040F2284259
:1011D000C4F202029142029000F09E80FFE708985C
:1011E0000168012040F24042C4F2020291420290A2
:1011F00000F09280FFE708980168012040F2584211
:10120000C4F202029142029000F08680FFE7089843
:101210000168012040F27042C4F202029142029041
:101220007AD0FFE708980168012040F28842C4F2B2
:101230000202914202906FD0FFE7089801680120F6
:1012400040F2A042C4F202029142029064D0FFE751
:1012500008980168012040F2B842C4F202029142AB
:10126000029059D0FFE708980168012045F2084232
:10127000C5F60202914202904ED0FFE7089801683D
:10128000012045F21C42C5F602029142029043D071
:10129000FFE708980168012045F23042C5F60202D6
:1012A0009142029038D0FFE708980168012045F28A
:1012B0004442C5F60202914202902DD0FFE7089801
:1012C0000168012045F25842C5F60202914202909F
:1012D00022D0FFE708980168012045F26C42C5F66C
:1012E00002029142029017D0FFE70898016801209E
:1012F00045F28042C5F60202914202900CD0FFE70F
:10130000089800684AF66C31CAF2FD710844B0FAD8
:1013100080F040090290FFE70298C00770B1FFE734
:101320000898416E806E48600898C06E28B1FFE74B
:101330000898016F406F4860FFE7FFE70898016871
:1013400001201022C4F202029142019000F0A38019
:10135000FFE70898016801202822C4F202029142A6
:10136000019000F09880FFE7089801680120402272
:10137000C4F202029142019000F08D80FFE70898CC
:10138000016801205822C4F202029142019000F04B
:101390008280FFE70898016801207022C4F20202EF
:1013A0009142019077D0FFE70898016801208822D8
:1013B000C4F20202914201906DD0FFE708980168E3
:1013C0000120A022C4F202029142019063D0FFE703
:1013D000089801680120B822C4F2020291420190EB
:1013E00059D0FFE708980168012040F21042C4F28A
:1013F0000202914201904ED0FFE708980168012057
:1014000040F22842C4F202029142019043D0FFE729
:1014100008980168012040F24042C4F20202914261
:10142000019038D0FFE708980168012040F2584247
:10143000C4F20202914201902DD0FFE708980168A2
:10144000012040F27042C4F202029142019022D087
:10145000FFE708980168012040F28842C4F20202C6
:101460009142019017D0FFE708980168012040F2EF
:10147000A042C4F20202914201900CD0FFE708980A
:1014800000684FF64831CBF6FD710844B0FA80F0A1
:1014900040090190FFE70198C00750B3FFE70898A3
:1014A000C06D00F01F013F208840049988600898B3
:1014B0000168086820F48020086005980899096888
:1014C000486008988068402809D1FFE70698089985
:1014D00009688860079808990968C86008E0079853
:1014E000089909688860069808990968C860FFE744
:1014F00082E008980168012045F20842C5F6020220
:10150000914200904ED0FFE708980168012045F213
:101510001C42C5F602029142009043D0FFE70898B2
:101520000168012045F23042C5F602029142009066
:1015300038D0FFE708980168012045F24442C5F61B
:101540000202914200902DD0FFE708980168012027
:1015500045F25842C5F602029142009022D0FFE7C0
:1015600008980168012045F26C42C5F602029142DA
:10157000009017D0FFE708980168012045F28042EB
:10158000C5F60202914200900CD0FFE7089800686F
:101590004AF66C31CAF2FD710844B0FA80F0400995
:1015A0000090FFE70098C00720B3FFE70898C06DE0
:1015B00000F01F01012088400399486005980899B0
:1015C0000968486008988068402809D1FFE70698B4
:1015D000089909688860079808990968C86008E050
:1015E0000798089909688860069808990968C8608A
:1015F000FFE700E0FFE7FFE709B0704700000000E9
:1016000081B000904EF6FC51CEF20001086840F027
:101610008070086041F6B071CEF2000108684CF6A7
:101620005562CCF2AC521043086041F20401CEF294
:1016300000010020086041F20002CEF200021168B1
:1016400041F001011160009944F24022C0F20F0202
:101650004A4340F2C861C2F200410A600A6844F697
:10166000D353C1F26203A2FB0332920940F2CC636E
:10167000C2F200431A6009684DF68362C4F21B325D
:10168000A1FB0221890C40F2D062C2F2004211603B
:1016900040F2D461C2F20041086001B0704700001E
:1016A000704700000000000080B54FF4806004F037
:1016B0003FFE4FF4805004F03BFE80BD0000000070
:1016C00081B0EFF3108072B60090FFE7FEE70000F4
:1016D00080B543F2C860C2F2004003F0E5FE80BD71
:1016E00080B543F26870C2F2004003F0DDFE80BDB9
:1016F00080B543F60800C2F2004003F0D5FE80BD7D
:1017000084B002900298406B009002980068D0F874
:1017100084004FF6FC718843009940EA81000299E9
:101720000968C1F8840002980068D0F8840020F4A9
:101730007F00029A1168926B40EA0240C1F884006F
:101740000298816B00980844009002980068D0F8D5
:1017500088006FF38F00009940EA810002990968C0
:10176000C1F8880002980068D0F8880020F4FE00D4
:10177000029A1168D26B40EA0240C1F888000298D0
:10178000C16B009800EB4100009002980068D0F80F
:10179000A0006FF38F00009940EA81000299096868
:1017A000C1F8A00002980068D0F8A00020F4FE0064
:1017B000029A1168126C40EA0240C1F8A000029936
:1017C000086C496C009A00FB0120009002980068A8
:1017D000D0F8B0006FF38F00009940EA81000299C1
:1017E0000968C1F8B00002980068D0F8B00020F491
:1017F000FE00029A1168926C40EA0240C1F8B00003
:101800000299886CC96C009A00FB01200090029834
:101810000068D0F8AC006FF38F00009940EA8100B7
:1018200002990968C1F8AC000299086D496D009AE7
:1018300000FB0120009002980068D0F8F0006FF3E0
:101840008F00009940EA810002990968C1F8F00010
:1018500002980068D0F8F00020F47C10029A116819
:10186000926D40EA0240C1F8F0000298816D009844
:1018700000EB4100009002980068D0F8C0006FF3C0
:101880008F00009940EA810002990968C1F8C00000
:1018900002980068D0F8C00020F47C10029A116809
:1018A000D26D40EA0240C1F8C00002980068D0F84A
:1018B000C00020F07C50029A1168126E40EA02606B
:1018C000C1F8C00002994A6B4AF60040C4F2000019
:1018D00000EB8200C86602998A6BC86E00EB82003A
:1018E00008670299CA6B086F00EBC200486702994B
:1018F0000A6C4B6C486F5A4300EB82008867029970
:101900008A6CCB6C886F5A4300EB8200C8670299DF
:101910000A6D4B6DC86F5A4300EB8200C1F880001E
:1019200002998A6DD1F8800000EBC200C1F88400F2
:101930000299CA6D8B6ED1F884005A4300EB820085
:10194000C1F8880002990A6E8B6ED1F888005A435C
:1019500000EB8200C1F890000298D0F890004DF2A0
:10196000FD31C4F2000188420FD3FFE70299D1F89C
:101970009C0040F02000C1F89C000299032081F8EF
:10198000980001208DF80F0017E00298C06E0190BA
:10199000FFE701980299D1F89010884208D2FFE73A
:1019A000019900200860FFE7019804300190F0E7FA
:1019B000FFE700208DF80F00FFE79DF80F0004B04F
:1019C000704700000000000088B007900691059263
:1019D00004930698406848B9FFE706980168826852
:1019E0000069104340EA8140039009E006980168CD
:1019F000826800691043084340F080400390FFE78D
:101A00000698D0F820C0C16842698369C06940EA7D
:101A10000C601843104340EA014002900798826E20
:101A2000D0F884000499514300EB810001900398A1
:101A300001990860019804300190029801990860AA
:101A400001980430019000200090FFE7009806996B
:101A5000CA6848F24061C0F60101895C88420DD233
:101A6000FFE70598009940580199086001980430F3
:101A70000190FFE7009804300090E7E708B0704756
:101A800080B58AB0089004F06FFE0490089828B9D9
:101A9000FFE701208DF8270000F0AABC089890F815
:101AA000350002280ED0FFE7089980204865FFE73F
:101AB0000899002081F83400FFE701208DF8270005
:101AC00000F096BC0898016801201022C4F20202BE
:101AD0009142039000F0A380FFE70898016801207D
:101AE0002822C4F202029142039000F09880FFE79E
:101AF0000898016801204022C4F20202914203903A
:101B000000F08D80FFE70898016801205822C4F298
:101B100002029142039000F08280FFE7089801687A
:101B200001207022C4F202029142039077D0FFE7B5
:101B30000898016801208822C4F2020291420390B1
:101B40006DD0FFE7089801680120A022C4F20202CC
:101B50009142039063D0FFE7089801680120B82202
:101B6000C4F202029142039059D0FFE7089801683D
:101B7000012040F21042C4F20202914203904ED082
:101B8000FFE708980168012040F22842C4F20202EF
:101B90009142039043D0FFE708980168012040F28A
:101BA0004042C4F202029142039038D0FFE7089805
:101BB0000168012040F25842C4F2020291420390AF
:101BC0002DD0FFE708980168012040F27042C4F26E
:101BD00002029142039022D0FFE708980168012099
:101BE00040F28842C4F202029142039017D0FFE70C
:101BF00008980168012040F2A042C4F2020291421A
:101C000003900CD0FFE7089800684FF64831CBF6F8
:101C1000FD710844B0FA80F040090390FFE7039893
:101C2000C00780B1FFE708980168086820F01E002F
:101C3000086008980168486920F0800048610898A9
:101C40000068059009E008980168086820F00E0017
:101C50000860089800680590FFE70898016801206F
:101C60001022C4F202029142029000F00381FFE7C9
:101C70000898016801202822C4F2020291420290D1
:101C800000F0F880FFE70898016801204022C4F2C4
:101C900002029142029000F0ED80FFE7089801688F
:101CA00001205822C4F202029142029000F0E28028
:101CB000FFE70898016801207022C4F202029142F5
:101CC000029000F0D780FFE7089801680120882281
:101CD000C4F202029142029000F0CC80FFE7089823
:101CE00001680120A022C4F202029142029000F099
:101CF000C180FFE7089801680120B822C4F20202FF
:101D00009142029000F0B680FFE708980168012038
:101D100040F21042C4F202029142029000F0AA8006
:101D2000FFE708980168012040F22842C4F202024D
:101D30009142029000F09E80FFE708980168012020
:101D400040F24042C4F202029142029000F09280BE
:101D5000FFE708980168012040F25842C4F20202ED
:101D60009142029000F08680FFE708980168012008
:101D700040F27042C4F20202914202907AD0FFE730
:101D800008980168012040F28842C4F202029142A0
:101D900002906FD0FFE708980168012040F2A0424E
:101DA000C4F202029142029064D0FFE708980168F1
:101DB000012040F2B842C4F202029142029059D08E
:101DC000FFE708980168012045F20842C5F60202C3
:101DD000914202904ED0FFE708980168012045F239
:101DE0001C42C5F602029142029043D0FFE70898D8
:101DF0000168012045F23042C5F60202914202908C
:101E000038D0FFE708980168012045F24442C5F642
:101E10000202914202902DD0FFE70898016801204C
:101E200045F25842C5F602029142029022D0FFE7E5
:101E300008980168012045F26C42C5F60202914201
:101E4000029017D0FFE708980168012045F2804210
:101E5000C5F60202914202900CD0FFE70898006894
:101E60004AF66C31CAF2FD710844B0FA80F04009BC
:101E70000290FFE70298C00738B1FFE70898016EAB
:101E8000086820F480700860FFE708980068102157
:101E9000C4F20201884200F08180FFE708980068E0
:101EA0002821C4F20201884278D0FFE70898006830
:101EB0004021C4F20201884270D0FFE70898006810
:101EC0005821C4F20201884268D0FFE708980068F0
:101ED0007021C4F20201884260D0FFE708980068D0
:101EE0008821C4F20201884258D0FFE708980068B0
:101EF000A021C4F20201884250D0FFE70898006890
:101F0000B821C4F20201884248D0FFE7089800686F
:101F100040F21041C4F2020188423FD0FFE7089826
:101F2000006840F22841C4F20201884236D0FFE73F
:101F30000898006840F24041C4F2020188422DD066
:101F4000FFE70898006840F25841C4F20201884255
:101F500024D0FFE70898006840F27041C4F2020103
:101F600088421BD0FFE70898006840F28841C4F21D
:101F70000201884212D0FFE70898006840F2A041B1
:101F8000C4F20201884209D0FFE70898006840F2D5
:101F9000B841C4F20201884207D1FFE708980168FE
:101FA000086820F00100086006E0089801680868E9
:101FB00020F001000860FFE7FFE705980068C00710
:101FC000C8B1FFE704F0D0FB0499401A062811D3EA
:101FD000FFE70899202048650899032081F835001B
:101FE000FFE70899002081F83400FFE701208DF811
:101FF0002700FDE1E1E70898016801201022C4F202
:1020000002029142019000F0A380FFE70898016866
:1020100001202822C4F202029142019000F098802F
:10202000FFE70898016801204022C4F202029142B1
:10203000019000F08D80FFE7089801680120582288
:10204000C4F202029142019000F08280FFE70898FA
:10205000016801207022C4F202029142019077D0FF
:10206000FFE70898016801208822C4F20202914229
:1020700001906DD0FFE7089801680120A022C4F20A
:1020800002029142019063D0FFE7089801680120A5
:10209000B822C4F202029142019059D0FFE7089899
:1020A0000168012040F21042C4F202029142019004
:1020B0004ED0FFE708980168012040F22842C4F2A0
:1020C00002029142019043D0FFE708980168012085
:1020D00040F24042C4F202029142019038D0FFE740
:1020E00008980168012040F25842C4F2020291426D
:1020F00001902DD0FFE708980168012040F270425E
:10210000C4F202029142019022D0FFE708980168D0
:10211000012040F28842C4F202029142019017D09D
:10212000FFE708980168012040F2A042C4F20202D1
:10213000914201900CD0FFE7089800684FF64831B3
:10214000CBF6FD710844B0FA80F040090190FFE73A
:102150000198C00760B1FFE70898806D0790089864
:10216000C06D00F01F013F208840079988600BE098
:102170000898806D06900898C06D00F01F0101203E
:10218000884006994860FFE70898016801201022FE
:10219000C4F202029142009000F00381FFE7089828
:1021A000016801202822C4F202029142009000F04E
:1021B000F880FFE70898016801204022C4F202027B
:1021C0009142009000F0ED80FFE70898016801203F
:1021D0005822C4F202029142009000F0E280FFE730
:1021E0000898016801207022C4F202029142009016
:1021F00000F0D780FFE70898016801208822C4F228
:1022000002029142009000F0CC80FFE7089801683C
:102210000120A022C4F202029142009000F0C1808D
:10222000FFE7089801680120B822C4F20202914237
:10223000009000F0B680FFE708980168012040F2A6
:102240001042C4F202029142009000F0AA80FFE71F
:1022500008980168012040F22842C4F2020291422B
:10226000009000F09E80FFE708980168012040F28E
:102270004042C4F202029142009000F09280FFE7D7
:1022800008980168012040F25842C4F202029142CB
:10229000009000F08680FFE708980168012040F276
:1022A0007042C4F20202914200907AD0FFE708988F
:1022B0000168012040F28842C4F20202914200907B
:1022C0006FD0FFE708980168012040F2A042C4F2F5
:1022D00002029142009064D0FFE708980168012053
:1022E00040F2B842C4F202029142009059D0FFE796
:1022F00008980168012045F20842C5F602029142A1
:1023000000904ED0FFE708980168012045F21C427A
:10231000C5F602029142009043D0FFE70898016899
:10232000012045F23042C5F602029142009038D0B9
:10233000FFE708980168012045F24442C5F6020211
:10234000914200902DD0FFE708980168012045F2E6
:102350005842C5F602029142009022D0FFE7089849
:102360000168012045F26C42C5F6020291420090DC
:1023700017D0FFE708980168012045F28042C5F6B2
:102380000202914200900CD0FFE7089800684AF6DC
:102390006C31CAF2FD710844B0FA80F04009009037
:1023A000FFE70098C007A0B1FFE70898416E806E74
:1023B00048600898C06E58B1FFE70898C16E086879
:1023C00020F4807008600898016F406F4860FFE754
:1023D000FFE70899012081F83500FFE70899002000
:1023E00081F83400FFE7FFE700208DF82700FFE7C2
:1023F0009DF827000AB080BD80B586B0049004988F
:1024000020B9FFE701208DF8170046E3049890F803
:102410003500022807D0FFE7049980204865012095
:102420008DF8170039E30498016801201022C4F2E6
:1024300002029142029000F0A380FFE70498016835
:1024400001202822C4F202029142029000F09880FA
:10245000FFE70498016801204022C4F20202914281
:10246000029000F08D80FFE7049801680120582257
:10247000C4F202029142029000F08280FFE70498C9
:10248000016801207022C4F202029142029077D0CA
:10249000FFE70498016801208822C4F202029142F9
:1024A00002906DD0FFE7049801680120A022C4F2D9
:1024B00002029142029063D0FFE704980168012074
:1024C000B822C4F202029142029059D0FFE7049868
:1024D0000168012040F21042C4F2020291420290CF
:1024E0004ED0FFE704980168012040F22842C4F270
:1024F00002029142029043D0FFE704980168012054
:1025000040F24042C4F202029142029038D0FFE70A
:1025100004980168012040F25842C4F2020291423C
:1025200002902DD0FFE704980168012040F270422C
:10253000C4F202029142029022D0FFE7049801689F
:10254000012040F28842C4F202029142029017D068
:10255000FFE704980168012040F2A042C4F20202A1
:10256000914202900CD0FFE7049800684FF6483182
:10257000CBF6FD710844B0FA80F040090290FFE705
:102580000298C007002800F09D80FFE7049904200E
:1025900081F83500049800681021C4F202018842D5
:1025A00000F08180FFE7049800682821C4F202014E
:1025B000884278D0FFE7049800684021C4F2020105
:1025C000884270D0FFE7049800685821C4F20201E5
:1025D000884268D0FFE7049800687021C4F20201C5
:1025E000884260D0FFE7049800688821C4F20201A5
:1025F000884258D0FFE704980068A021C4F2020185
:10260000884250D0FFE704980068B821C4F2020164
:10261000884248D0FFE70498006840F21041C4F2B5
:10262000020188423FD0FFE70498006840F2284149
:10263000C4F20201884236D0FFE70498006840F2F5
:102640004041C4F2020188422DD0FFE7049800689F
:1026500040F25841C4F20201884224D0FFE70498B6
:10266000006840F27041C4F2020188421BD0FFE7CB
:102670000498006840F28841C4F20201884212D0F6
:10268000FFE70498006840F2A041C4F202018842CA
:1026900009D0FFE70498006840F2B841C4F2020193
:1026A000884207D1FFE704980168086820F001001C
:1026B000086006E004980168086820F001000860DE
:1026C000FFE7E5E104980168086820F00E00086063
:1026D000049800681021C4F20201884200F0818051
:1026E000FFE7049800682821C4F20201884278D0EC
:1026F000FFE7049800684021C4F20201884270D0CC
:10270000FFE7049800685821C4F20201884268D0AB
:10271000FFE7049800687021C4F20201884260D08B
:10272000FFE7049800688821C4F20201884258D06B
:10273000FFE704980068A021C4F20201884250D04B
:10274000FFE704980068B821C4F20201884248D02B
:10275000FFE70498006840F21041C4F20201884289
:102760003FD0FFE70498006840F22841C4F202011C
:10277000884236D0FFE70498006840F24041C4F236
:10278000020188422DD0FFE70498006840F25841CA
:10279000C4F20201884224D0FFE70498006840F2A6
:1027A0007041C4F2020188421BD0FFE70498006820
:1027B00040F28841C4F20201884212D0FFE7049837
:1027C000006840F2A041C4F20201884209D0FFE74C
:1027D0000498006840F2B841C4F20201884207D16F
:1027E000FFE704980168086820F00100086006E02F
:1027F00004980168086820F001000860FFE7049869
:10280000016801201022C4F202029142019000F0FE
:102810000381FFE70498016801202822C4F2020224
:102820009142019000F0F880FFE7049801680120D0
:102830004022C4F202029142019000F0ED80FFE7D5
:102840000498016801205822C4F2020291420190CA
:1028500000F0E280FFE70498016801207022C4F2D2
:1028600002029142019000F0D780FFE704980168CE
:1028700001208822C4F202029142019000F0CC8033
:10288000FFE7049801680120A022C4F202029142ED
:10289000019000F0C180FFE7049801680120B82290
:1028A000C4F202029142019000F0B680FFE7049862
:1028B0000168012040F21042C4F2020291420190EC
:1028C00000F0AA80FFE704980168012040F2284246
:1028D000C4F202029142019000F09E80FFE704984A
:1028E0000168012040F24042C4F20202914201908C
:1028F00000F09280FFE704980168012040F25842FE
:10290000C4F202029142019000F08680FFE7049831
:102910000168012040F27042C4F20202914201902B
:102920007AD0FFE704980168012040F28842C4F29F
:102930000202914201906FD0FFE7049801680120E4
:1029400040F2A042C4F202029142019064D0FFE73B
:1029500004980168012040F2B842C4F20202914298
:10296000019059D0FFE704980168012045F2084220
:10297000C5F60202914201904ED0FFE7049801682B
:10298000012045F21C42C5F602029142019043D05B
:10299000FFE704980168012045F23042C5F60202C3
:1029A0009142019038D0FFE704980168012045F278
:1029B0004442C5F60202914201902DD0FFE70498EF
:1029C0000168012045F25842C5F602029142019089
:1029D00022D0FFE704980168012045F26C42C5F659
:1029E00002029142019017D0FFE70498016801208C
:1029F00045F28042C5F60202914201900CD0FFE7F9
:102A0000049800684AF66C31CAF2FD710844B0FAC5
:102A100080F040090190FFE70198C00728B3FFE765
:102A20000498016E086820F4807008600498806D36
:102A300003900498C06D00F01F01012088400399A5
:102A400048600498416E806E48600498C06E58B12A
:102A5000FFE70498C16E086820F48070086004984D
:102A6000016F406F4860FFE7FFE70499012081F89C
:102A70003500FFE70499002081F83400FFE704984F
:102A8000006D20B1FFE70498016D8847FFE7FFE77D
:102A9000FFE700208DF81700FFE79DF8170006B04C
:102AA00080BD00000000000081B000900098406DE3
:102AB00001B070470000000080B590B00F9000207A
:102AC0000B9040F21000C2F20040006848F2B511CD
:102AD000C1F64E31A0FB0110800A0A900F98806D5C
:102AE00009900F98806D0890099800680E900898DA
:102AF00000680D900F98016801201022C4F20202B4
:102B00009142079000F0A380FFE70F980168012031
:102B10002822C4F202029142079000F09880FFE759
:102B20000F98016801204022C4F2020291420790EE
:102B300000F08D80FFE70F98016801205822C4F251
:102B400002029142079000F08280FFE70F9801682F
:102B500001207022C4F202029142079077D0FFE771
:102B60000F98016801208822C4F202029142079066
:102B70006DD0FFE70F9801680120A022C4F2020285
:102B80009142079063D0FFE70F9801680120B822B7
:102B9000C4F202029142079059D0FFE70F980168F2
:102BA000012040F21042C4F20202914207904ED03E
:102BB000FFE70F980168012040F22842C4F20202A8
:102BC0009142079043D0FFE70F980168012040F23F
:102BD0004042C4F202029142079038D0FFE70F98BA
:102BE0000168012040F25842C4F20202914207906B
:102BF0002DD0FFE70F980168012040F27042C4F227
:102C000002029142079022D0FFE70F98016801204D
:102C100040F28842C4F202029142079017D0FFE7C7
:102C20000F980168012040F2A042C4F202029142D2
:102C300007900CD0FFE70F9800684FF64831CBF6AD
:102C4000FD710844B0FA80F040090790FFE707984B
:102C5000C007002800F01385FFE70E980F99C96D93
:102C600001F01F01C8400007002840F1B080FFE7D5
:102C70000F9800681021C4F20201884200F08180A0
:102C8000FFE70F9800682821C4F20201884278D03B
:102C9000FFE70F9800684021C4F20201884270D01B
:102CA000FFE70F9800685821C4F20201884268D0FB
:102CB000FFE70F9800687021C4F20201884260D0DB
:102CC000FFE70F9800688821C4F20201884258D0BB
:102CD000FFE70F980068A021C4F20201884250D09B
:102CE000FFE70F980068B821C4F20201884248D07B
:102CF000FFE70F98006840F21041C4F202018842D9
:102D00003FD0FFE70F98006840F22841C4F202016B
:102D1000884236D0FFE70F98006840F24041C4F285
:102D2000020188422DD0FFE70F98006840F2584119
:102D3000C4F20201884224D0FFE70F98006840F2F5
:102D40007041C4F2020188421BD0FFE70F9800686F
:102D500040F28841C4F20201884212D0FFE70F9886
:102D6000006840F2A041C4F20201884209D0FFE7A6
:102D70000F98006840F2B841C4F20201884207D1BE
:102D8000FFE70F980068006800F00400069006E076
:102D90000F980068006800F008000690FFE70698AA
:102DA000A0B1FFE70F980168086820F004000860F0
:102DB0000F98C06D00F01F010820884009998860B5
:102DC0000F99486D40F001004865FFE7FFE70E9856
:102DD0000F99C96D01F01F01C840C007002800F01D
:102DE000A980FFE70F9800681021C4F20201884211
:102DF00000F08180FFE70F9800682821C4F20201EB
:102E0000884278D0FFE70F9800684021C4F20201A1
:102E1000884270D0FFE70F9800685821C4F2020181
:102E2000884268D0FFE70F9800687021C4F2020161
:102E3000884260D0FFE70F9800688821C4F2020141
:102E4000884258D0FFE70F980068A021C4F2020121
:102E5000884250D0FFE70F980068B821C4F2020101
:102E6000884248D0FFE70F98006840F21041C4F252
:102E7000020188423FD0FFE70F98006840F22841E6
:102E8000C4F20201884236D0FFE70F98006840F292
:102E90004041C4F2020188422DD0FFE70F9800683C
:102EA00040F25841C4F20201884224D0FFE70F9853
:102EB000006840F27041C4F2020188421BD0FFE773
:102EC0000F98006840F28841C4F20201884212D093
:102ED000FFE70F98006840F2A041C4F20201884267
:102EE00009D0FFE70F98006840F2B841C4F2020130
:102EF000884207D1FFE70F980068406900F0800022
:102F0000059005E00F980068006800200590FFE735
:102F1000059870B1FFE70F98C06D00F01F01012008
:102F20008840099988600F99486D40F00200486513
:102F3000FFE7FFE70E980F99C96D01F01F01C84028
:102F40004007002840F1A980FFE70F980068102192
:102F5000C4F20201884200F08180FFE70F98006808
:102F60002821C4F20201884278D0FFE70F98006858
:102F70004021C4F20201884270D0FFE70F98006838
:102F80005821C4F20201884268D0FFE70F98006818
:102F90007021C4F20201884260D0FFE70F980068F8
:102FA0008821C4F20201884258D0FFE70F980068D8
:102FB000A021C4F20201884250D0FFE70F980068B8
:102FC000B821C4F20201884248D0FFE70F98006898
:102FD00040F21041C4F2020188423FD0FFE70F984F
:102FE000006840F22841C4F20201884236D0FFE76F
:102FF0000F98006840F24041C4F2020188422DD08F
:10300000FFE70F98006840F25841C4F2020188427D
:1030100024D0FFE70F98006840F27041C4F202012B
:1030200088421BD0FFE70F98006840F28841C4F245
:103030000201884212D0FFE70F98006840F2A041D9
:10304000C4F20201884209D0FFE70F98006840F2FD
:10305000B841C4F20201884207D1FFE70F98006827
:10306000006800F00200049005E00F980068006816
:1030700000200490FFE7049870B1FFE70F98C06D3F
:1030800000F01F0104208840099988600F99486D5D
:1030900040F004004865FFE7FFE70E980F99C96DFF
:1030A00001F01F01C840C006002840F1DE80FFE7A4
:1030B0000F9800681021C4F20201884200F081805C
:1030C000FFE70F9800682821C4F20201884278D0F7
:1030D000FFE70F9800684021C4F20201884270D0D7
:1030E000FFE70F9800685821C4F20201884268D0B7
:1030F000FFE70F9800687021C4F20201884260D097
:10310000FFE70F9800688821C4F20201884258D076
:10311000FFE70F980068A021C4F20201884250D056
:10312000FFE70F980068B821C4F20201884248D036
:10313000FFE70F98006840F21041C4F20201884294
:103140003FD0FFE70F98006840F22841C4F2020127
:10315000884236D0FFE70F98006840F24041C4F241
:10316000020188422DD0FFE70F98006840F25841D5
:10317000C4F20201884224D0FFE70F98006840F2B1
:103180007041C4F2020188421BD0FFE70F9800682B
:1031900040F28841C4F20201884212D0FFE70F9842
:1031A000006840F2A041C4F20201884209D0FFE762
:1031B0000F98006840F2B841C4F20201884207D17A
:1031C000FFE70F980068006800F00800039006E031
:1031D0000F980068006800F004000390FFE7039870
:1031E000002841D0FFE70F98C06D00F01F011020AC
:1031F0008840099988600F9800680068400300289B
:103200001AD5FFE70F98006800680003002809D46A
:10321000FFE70F98006C20B1FFE70F98016C88471B
:10322000FFE708E00F98806C20B1FFE70F98816CF2
:103230008847FFE7FFE716E00F9800680068C005C1
:10324000002807D4FFE70F980168086820F00800FD
:103250000860FFE70F98006C20B1FFE70F98016C42
:103260008847FFE7FFE7FFE7FFE70E980F99C96D73
:1032700001F01F01C8408006002840F12681FFE7C9
:103280000F9800681021C4F20201884200F081808A
:10329000FFE70F9800682821C4F20201884278D025
:1032A000FFE70F9800684021C4F20201884270D005
:1032B000FFE70F9800685821C4F20201884268D0E5
:1032C000FFE70F9800687021C4F20201884260D0C5
:1032D000FFE70F9800688821C4F20201884258D0A5
:1032E000FFE70F980068A021C4F20201884250D085
:1032F000FFE70F980068B821C4F20201884248D065
:10330000FFE70F98006840F21041C4F202018842C2
:103310003FD0FFE70F98006840F22841C4F2020155
:10332000884236D0FFE70F98006840F24041C4F26F
:10333000020188422DD0FFE70F98006840F2584103
:10334000C4F20201884224D0FFE70F98006840F2DF
:103350007041C4F2020188421BD0FFE70F98006859
:1033600040F28841C4F20201884212D0FFE70F9870
:10337000006840F2A041C4F20201884209D0FFE790
:103380000F98006840F2B841C4F20201884207D1A8
:10339000FFE70F980068006800F01000029006E058
:1033A0000F980068006800F002000290FFE70298A2
:1033B000002800F08980FFE70F98C06D00F01F0122
:1033C00020208840099988600F9890F835000428DB
:1033D00037D1FFE70F980168086820F016000860F1
:1033E0000F980168486920F0800048610F98006CD0
:1033F00020B9FFE70F98806C38B1FFE70F9801689C
:10340000086820F008000860FFE70F98C06D00F022
:103410001F013F208840099988600F99012081F899
:103420003500FFE70F99002081F83400FFE70F987F
:10343000006D20B1FFE70F98016D8847FFE700F0AE
:1034400019BC0F9800680068400300281AD5FFE7F0
:103450000F98006800680003002809D4FFE70F9860
:10346000406C20B1FFE70F98416C8847FFE708E008
:103470000F98C06B20B1FFE70F98C16B8847FFE73B
:10348000FFE720E00F9800680068C005002811D40D
:10349000FFE70F980168086820F0100008600F9996
:1034A000012081F83500FFE70F99002081F83400F2
:1034B000FFE7FFE70F98C06B20B1FFE70F98C16BE4
:1034C0008847FFE7FFE7FFE7FFE70F98406D002819
:1034D00000F0D480FFE70F98406DC007002800F08F
:1034E000C480FFE70F99042081F835000F98006829
:1034F0001021C4F20201884200F08180FFE70F989A
:1035000000682821C4F20201884278D0FFE70F98B2
:1035100000684021C4F20201884270D0FFE70F9892
:1035200000685821C4F20201884268D0FFE70F9872
:1035300000687021C4F20201884260D0FFE70F9852
:1035400000688821C4F20201884258D0FFE70F9832
:103550000068A021C4F20201884250D0FFE70F9812
:103560000068B821C4F20201884248D0FFE70F98F2
:10357000006840F21041C4F2020188423FD0FFE7E8
:103580000F98006840F22841C4F20201884236D008
:10359000FFE70F98006840F24041C4F20201884200
:1035A0002DD0FFE70F98006840F25841C4F20201A5
:1035B000884224D0FFE70F98006840F27041C4F2BF
:1035C000020188421BD0FFE70F98006840F2884153
:1035D000C4F20201884212D0FFE70F98006840F25F
:1035E000A041C4F20201884209D0FFE70F980068A9
:1035F00040F2B841C4F20201884207D1FFE70F98B8
:103600000168086820F00100086006E00F98016872
:10361000086820F001000860FFE7FFE70B98013021
:103620000B900A99884201D9FFE707E0FFE70F985E
:1036300000680068C0070028F0D1FFE70F98006815
:103640000068C00728B1FFE70F99032081F8350013
:1036500004E00F99012081F83500FFE7FFE70F999B
:10366000002081F83400FFE7FFE70F98C06C20B11D
:10367000FFE70F98C16C8847FFE7FFE7FAE20F9872
:103680000168012045F20842C5F60202914201900C
:103690004ED0FFE70F980168012045F21C42C5F6A5
:1036A00002029142019043D0FFE70F980168012088
:1036B00045F23042C5F602029142019038D0FFE750
:1036C0000F980168012045F24442C5F6020291427A
:1036D00001902DD0FFE70F980168012045F2584274
:1036E000C5F602029142019022D0FFE70F980168CF
:1036F000012045F26C42C5F602029142019017D0BA
:10370000FFE70F980168012045F28042C5F60202EA
:10371000914201900CD0FFE70F9800684AF66C3197
:10372000CAF2FD710844B0FA80F040090190FFE749
:103730000198C007002800F09B82FFE70F980068FF
:1037400000680C900D980F99C96D01F01F01C840D9
:103750004007002840F1D780FFE79DF83000400780
:10376000002840F1D080FFE70F98C06D00F01F01E6
:1037700004208840089948609DF831000006002820
:1037800018D5FFE79DF83200C00748B9FFE70F984A
:10379000806C20B1FFE70F98816C8847FFE708E055
:1037A0000F98006C20B1FFE70F98016C8847FFE786
:1037B000FFE7A7E09DF830008006002800F199801F
:1037C000FFE70F9800681021C4F20201884200F060
:1037D0008180FFE70F9800682821C4F20201884227
:1037E00078D0FFE70F9800684021C4F202018842B8
:1037F00070D0FFE70F9800685821C4F20201884298
:1038000068D0FFE70F9800687021C4F20201884277
:1038100060D0FFE70F9800688821C4F20201884257
:1038200058D0FFE70F980068A021C4F20201884237
:1038300050D0FFE70F980068B821C4F20201884217
:1038400048D0FFE70F98006840F21041C4F202012F
:1038500088423FD0FFE70F98006840F22841C4F249
:103860000201884236D0FFE70F98006840F24041DD
:10387000C4F2020188422DD0FFE70F98006840F2A1
:103880005841C4F20201884224D0FFE70F98006833
:1038900040F27041C4F2020188421BD0FFE70F984A
:1038A000006840F28841C4F20201884212D0FFE76A
:1038B0000F98006840F2A041C4F20201884209D08A
:1038C000FFE70F98006840F2B841C4F20201884255
:1038D00007D1FFE70F980168086820F0080008602A
:1038E00006E00F980168086820F004000860FFE710
:1038F000FFE70F98006C20B1FFE70F98016C884735
:10390000FFE7FFE7B3E10D980F99C96D01F01F01C3
:10391000C8408007002840F1E180FFE79DF83000B3
:103920008007002840F1DA80FFE70F98C06D00F0B3
:103930001F0102208840089948609DF83100000668
:10394000002818D5FFE79DF83200C00748B9FFE707
:103950000F98406C20B1FFE70F98416C8847FFE754
:1039600008E00F98C06B20B1FFE70F98C16B884744
:10397000FFE7FFE7B1E09DF830008006002800F186
:10398000A380FFE70F9800681021C4F2020188426B
:1039900000F08180FFE70F9800682821C4F202013F
:1039A000884278D0FFE70F9800684021C4F20201F6
:1039B000884270D0FFE70F9800685821C4F20201D6
:1039C000884268D0FFE70F9800687021C4F20201B6
:1039D000884260D0FFE70F9800688821C4F2020196
:1039E000884258D0FFE70F980068A021C4F2020176
:1039F000884250D0FFE70F980068B821C4F2020156
:103A0000884248D0FFE70F98006840F21041C4F2A6
:103A1000020188423FD0FFE70F98006840F228413A
:103A2000C4F20201884236D0FFE70F98006840F2E6
:103A30004041C4F2020188422DD0FFE70F98006890
:103A400040F25841C4F20201884224D0FFE70F98A7
:103A5000006840F27041C4F2020188421BD0FFE7C7
:103A60000F98006840F28841C4F20201884212D0E7
:103A7000FFE70F98006840F2A041C4F202018842BB
:103A800009D0FFE70F98006840F2B841C4F2020184
:103A9000884207D1FFE70F980168086820F01400FA
:103AA000086006E00F980168086820F00A000860C6
:103AB000FFE70F99012081F83500FFE70F990020FB
:103AC00081F83400FFE7FFE70F98C06B20B1FFE7F4
:103AD0000F98C16B8847FFE7FFE7C7E00D980F9984
:103AE000C96D01F01F01C8400007002840F1BC80EB
:103AF000FFE79DF830000007002840F1B580FFE7A0
:103B00000F9800681021C4F20201884200F0818001
:103B1000FFE70F9800682821C4F20201884278D09C
:103B2000FFE70F9800684021C4F20201884270D07C
:103B3000FFE70F9800685821C4F20201884268D05C
:103B4000FFE70F9800687021C4F20201884260D03C
:103B5000FFE70F9800688821C4F20201884258D01C
:103B6000FFE70F980068A021C4F20201884250D0FC
:103B7000FFE70F980068B821C4F20201884248D0DC
:103B8000FFE70F98006840F21041C4F2020188423A
:103B90003FD0FFE70F98006840F22841C4F20201CD
:103BA000884236D0FFE70F98006840F24041C4F2E7
:103BB000020188422DD0FFE70F98006840F258417B
:103BC000C4F20201884224D0FFE70F98006840F257
:103BD0007041C4F2020188421BD0FFE70F980068D1
:103BE00040F28841C4F20201884212D0FFE70F98E8
:103BF000006840F2A041C4F20201884209D0FFE708
:103C00000F98006840F2B841C4F20201884207D11F
:103C1000FFE70F980168086820F01C00086006E0C4
:103C20000F980168086820F00E000860FFE70F9801
:103C3000C06D00F01F01012000FA01F1089A5160E7
:103C40000F9948650F9981F83500FFE70F9900201B
:103C500081F83400FFE70F98C06C20B1FFE70F98A0
:103C6000C16C8847FFE700E0FFE7FFE7FFE700E000
:103C7000FFE7FFE710B080BD10B58EB00C9002F0EA
:103C800073FD0A900C9828B9FFE701208DF83700E2
:103C900000F09EBC0C98016801201022C4F20202C0
:103CA0009142079000F0A380FFE70C980168012083
:103CB0002822C4F202029142079000F09880FFE7A8
:103CC0000C98016801204022C4F202029142079040
:103CD00000F08D80FFE70C98016801205822C4F2A3
:103CE00002029142079000F08280FFE70C98016881
:103CF00001207022C4F202029142079077D0FFE7C0
:103D00000C98016801208822C4F2020291420790B7
:103D10006DD0FFE70C9801680120A022C4F20202D6
:103D20009142079063D0FFE70C9801680120B82208
:103D3000C4F202029142079059D0FFE70C98016843
:103D4000012040F21042C4F20202914207904ED08C
:103D5000FFE70C980168012040F22842C4F20202F9
:103D60009142079043D0FFE70C980168012040F290
:103D70004042C4F202029142079038D0FFE70C980B
:103D80000168012040F25842C4F2020291420790B9
:103D90002DD0FFE70C980168012040F27042C4F278
:103DA00002029142079022D0FFE70C98016801209F
:103DB00040F28842C4F202029142079017D0FFE716
:103DC0000C980168012040F2A042C4F20202914224
:103DD00007900CD0FFE70C9800684FF64831CBF6FF
:103DE000FD710844B0FA80F040090790FFE707989A
:103DF000C007002800F07881FFE70C98406A08B1FE
:103E0000FFE7FFE70C99022081F83500FFE70C99E6
:103E1000002081F83400FFE70C9800681021C4F2FC
:103E20000201884200F08180FFE70C980068282199
:103E3000C4F20201884278D0FFE70C980068402164
:103E4000C4F20201884270D0FFE70C980068582144
:103E5000C4F20201884268D0FFE70C980068702124
:103E6000C4F20201884260D0FFE70C980068882104
:103E7000C4F20201884258D0FFE70C980068A021E4
:103E8000C4F20201884250D0FFE70C980068B821C4
:103E9000C4F20201884248D0FFE70C98006840F263
:103EA0001041C4F2020188423FD0FFE70C9800683D
:103EB00040F22841C4F20201884236D0FFE70C9854
:103EC000006840F24041C4F2020188422DD0FFE771
:103ED0000C98006840F25841C4F20201884224D094
:103EE000FFE70C98006840F27041C4F2020188427A
:103EF0001BD0FFE70C98006840F28841C4F2020131
:103F0000884212D0FFE70C98006840F2A041C4F24A
:103F10000201884209D0FFE70C98006840F2B841DE
:103F2000C4F20201884207D1FFE70C9801680868D3
:103F300020F00100086006E00C980168086820F095
:103F400001000860FFE7FFE70C9800680068C00701
:103F500098B1FFE702F008FC0A99401A06280BD333
:103F6000FFE70C99202048650C99032081F8350063
:103F700001208DF837002BE3E6E70C980068006815
:103F80000B900B9848F23F01CFF6106108400B9060
:103F90000C998868D1F80CC00B694A6940EA0C009A
:103FA000184310438A691043CA691043096A0143E0
:103FB0000B9808430B900C98406A042808D1FFE73F
:103FC0000C99C86A096B01430B9808430B90FFE7F3
:103FD0000C984068292807D3FFE70C984168012016
:103FE0002F29069036D3FFE70C9840683F2807D367
:103FF000FFE70C9841680120432906902AD3FFE788
:104000000C984068472807D3FFE70C9841680120C7
:10401000492906901ED3FFE70C9840684F2807D324
:10402000FFE70C98416801205329069012D3FFE75F
:104030000C98416800207429059008D3FFE70C987C
:1040400041680020782938BF01200590FFE70598D6
:104050000690FFE70698C00728B1FFE70B9840F4E9
:1040600080100B90FFE70B980C99096808600C987A
:10407000006840690B900B9820F007000B900C989B
:10408000416A0B9808430B900C98406A04281AD197
:10409000FFE70C98816A0B9808430B900C98C06A54
:1040A00080B1FFE70C98FCF7A7FF50B1FFE70C9930
:1040B000402048650C99012081F835008DF83700C3
:1040C00086E2FFE7FFE70B980C99096848610C98B6
:1040D000FCF756FD09900C98C06D00F01F013F20C1
:1040E00088400999886026E10C980168012045F212
:1040F0000842C5F60202914204904ED0FFE70C98A8
:104100000168012045F21C42C5F60202914204906A
:1041100043D0FFE70C980168012045F23042C5F614
:1041200002029142049038D0FFE70C980168012008
:1041300045F24442C5F60202914204902DD0FFE7B9
:104140000C980168012045F25842C5F602029142DE
:10415000049022D0FFE70C980168012045F26C42E0
:10416000C5F602029142049017D0FFE70C9801684F
:10417000012045F28042C5F60202914204900CD023
:10418000FFE70C9800684AF66C31CAF2FD710844EA
:10419000B0FA80F040090490FFE70498C0070028B7
:1041A00000F0BD80FFE70C980168012045F208424D
:1041B000C5F60202914203904ED0FFE70C980168C9
:1041C000012045F21C42C5F602029142039043D001
:1041D000FFE70C980168012045F23042C5F6020263
:1041E0009142039038D0FFE70C980168012045F216
:1041F0004442C5F60202914203902DD0FFE70C988D
:104200000168012045F25842C5F60202914203902E
:1042100022D0FFE70C980168012045F26C42C5F6F8
:1042200002029142039017D0FFE70C980168012029
:1042300045F28042C5F60202914203900CD0FFE79E
:104240000C9800684AF66C31CAF2FD710844B0FA65
:1042500080F040090390FFE70398C00708B1FFE72B
:10426000FFE70C99022081F83500FFE70C99002048
:1042700081F83400FFE70C98006800680B900B98F9
:104280006FF310100B900C988068402803D1FFE763
:104290001020029008E00C9880688038B0FA80F016
:1042A000400980030290FFE702980C99CA680B69E5
:1042B000D1F814C0D1F818E0CC694EEA040E4CEAEB
:1042C0000E0C43EA0C031A4340EAD200096A40EAA2
:1042D00011110B9808430B900B980C990968086012
:1042E0000C9908684AF6F832CAF2FD7210444CF68E
:1042F000CD42CCF6CC42A0FB02026FF0030000EAF4
:104300009200C8650C98FCF73BFC08900C98C06DB7
:1043100000F01F0101208840089948600AE00C99CC
:10432000402048650C99032081F8350001208DF864
:1043300037004DE1FFE70C98016801201022C4F21C
:1043400002029142019000F00381FFE70C9801689E
:1043500001202822C4F202029142019000F0F8806C
:10436000FFE70C98016801204022C4F2020291424A
:10437000019000F0ED80FFE70C98016801205822C1
:10438000C4F202029142019000F0E280FFE70C9833
:10439000016801207022C4F202029142019000F0F3
:1043A000D780FFE70C98016801208822C4F202023E
:1043B0009142019000F0CC80FFE70C980168012049
:1043C000A022C4F202029142019000F0C180FFE7F6
:1043D0000C9801680120B822C4F2020291420190B7
:1043E00000F0B680FFE70C980168012040F210420F
:1043F000C4F202029142019000F0AA80FFE70C98FB
:104400000168012040F22842C4F202029142019068
:1044100000F09E80FFE70C980168012040F24042C6
:10442000C4F202029142019000F09280FFE70C98E2
:104430000168012040F25842C4F202029142019008
:1044400000F08680FFE70C980168012040F270427E
:10445000C4F20202914201907AD0FFE70C98016801
:10446000012040F28842C4F20202914201906FD0D2
:10447000FFE70C980168012040F2A042C4F202025A
:104480009142019064D0FFE70C980168012040F24E
:10449000B842C4F202029142019059D0FFE70C9851
:1044A0000168012045F20842C5F6020291420190DE
:1044B0004ED0FFE70C980168012045F21C42C5F67A
:1044C00002029142019043D0FFE70C98016801205D
:1044D00045F23042C5F602029142019038D0FFE722
:1044E0000C980168012045F24442C5F6020291424F
:1044F00001902DD0FFE70C980168012045F2584249
:10450000C5F602029142019022D0FFE70C980168A3
:10451000012045F26C42C5F602029142019017D08B
:10452000FFE70C980168012045F28042C5F60202BF
:10453000914201900CD0FFE70C9800684AF66C316C
:10454000CAF2FD710844B0FA80F040090190FFE71B
:104550000198C00790B3FFE70C98FCF7F9FB0C98A3
:104560008068802804D1FFE70C9900204860FFE7AD
:104570000C990879096E08600C98416E806E48604D
:104580000C98406888B1FFE70C98406808280CD860
:10459000FFE70C98FCF798FC0C98C16E00200860AF
:1045A0000C98016F406F486007E00C990020C866C6
:1045B0000C9908670C994867FFE7FFE70C99002002
:1045C00048650C9A012182F835108DF83700FFE715
:1045D0009DF837000EB010BD80B588B006900591EB
:1045E0000492039300208DF80B00069820B9FFE792
:1045F00001208DF81F006CE3FFE7069890F8340067
:10460000012804D1FFE702208DF81F0061E306991D
:10461000012081F83400FFE7FFE7069890F83500A5
:10462000012840F04383FFE70699022081F8350016
:10463000069900204865069800681021C4F202011E
:10464000884200F08180FFE7069800682821C4F2C4
:104650000201884278D0FFE7069800684021C4F242
:104660000201884270D0FFE7069800685821C4F222
:104670000201884268D0FFE7069800687021C4F202
:104680000201884260D0FFE7069800688821C4F2E2
:104690000201884258D0FFE706980068A021C4F2C2
:1046A0000201884250D0FFE706980068B821C4F2A2
:1046B0000201884248D0FFE70698006840F21041A6
:1046C000C4F2020188423FD0FFE70698006840F23A
:1046D0002841C4F20201884236D0FFE706980068FC
:1046E00040F24041C4F2020188422DD0FFE7069813
:1046F000006840F25841C4F20201884224D0FFE72A
:104700000698006840F27041C4F2020188421BD052
:10471000FFE70698006840F28841C4F2020188422F
:1047200012D0FFE70698006840F2A041C4F20201EF
:10473000884209D0FFE70698006840F2B841C4F209
:104740000201884207D1FFE706980168086820F057
:104750000100086006E006980168086820F0010082
:104760000860FFE706980599049A039BFCF7BCFCD8
:104770000698016801201022C4F2020291420190C1
:1047800000F0A380FFE70698016801202822C4F208
:1047900002029142019000F09880FFE706980168BC
:1047A00001204022C4F202029142019000F08D806B
:1047B000FFE70698016801205822C4F202029142E4
:1047C000019000F08280FFE70698016801207022C6
:1047D000C4F202029142019077D0FFE70698016887
:1047E00001208822C4F20202914201906DD0FFE7BD
:1047F000069801680120A022C4F2020291420190B1
:1048000063D0FFE7069801680120B822C4F20202D3
:104810009142019059D0FFE706980168012040F2CB
:104820001042C4F20202914201904ED0FFE7069876
:104830000168012040F22842C4F202029142019034
:1048400043D0FFE706980168012040F24042C4F2DD
:1048500002029142019038D0FFE7069801680120DA
:1048600040F25842C4F20202914201902DD0FFE77B
:1048700006980168012040F27042C4F2020291429F
:10488000019022D0FFE706980168012040F288429B
:10489000C4F202029142019017D0FFE70698016826
:1048A000012040F2A042C4F20202914201900CD0D9
:1048B000FFE7069800684FF64831CBF6FD710844D3
:1048C000B0FA80F040090190FFE70198C007A8B155
:1048D000FFE70698006800680B2161F34400069921
:1048E000096808600698006C38B1FFE7069801680F
:1048F000086840F008000860FFE714E006980068C8
:104900000068052161F3430006990968086006986C
:10491000006C38B1FFE706980168086840F00400B1
:104920000860FFE7FFE70698016801201022C4F243
:1049300002029142009000F00381FFE706980168AF
:1049400001202822C4F202029142009000F0F88077
:10495000FFE70698016801204022C4F2020291425A
:10496000009000F0ED80FFE70698016801205822D2
:10497000C4F202029142009000F0E280FFE7069844
:10498000016801207022C4F202029142009000F0FE
:10499000D780FFE70698016801208822C4F202024E
:1049A0009142009000F0CC80FFE70698016801205A
:1049B000A022C4F202029142009000F0C180FFE701
:1049C000069801680120B822C4F2020291420090C8
:1049D00000F0B680FFE706980168012040F210421F
:1049E000C4F202029142009000F0AA80FFE706980C
:1049F0000168012040F22842C4F202029142009074
:104A000000F09E80FFE706980168012040F24042D6
:104A1000C4F202029142009000F09280FFE70698F3
:104A20000168012040F25842C4F202029142009013
:104A300000F08680FFE706980168012040F270428E
:104A4000C4F20202914200907AD0FFE70698016812
:104A5000012040F28842C4F20202914200906FD0DD
:104A6000FFE706980168012040F2A042C4F202026A
:104A70009142009064D0FFE706980168012040F25F
:104A8000B842C4F202029142009059D0FFE7069862
:104A90000168012045F20842C5F6020291420090E9
:104AA0004ED0FFE706980168012045F21C42C5F68A
:104AB00002029142009043D0FFE70698016801206E
:104AC00045F23042C5F602029142009038D0FFE72D
:104AD00006980168012045F24442C5F6020291425F
:104AE00000902DD0FFE706980168012045F258425A
:104AF000C5F602029142009022D0FFE706980168B5
:104B0000012045F26C42C5F602029142009017D096
:104B1000FFE706980168012045F28042C5F60202CF
:104B2000914200900CD0FFE7069800684AF66C317D
:104B3000CAF2FD710844B0FA80F040090090FFE726
:104B40000098C007D0B1FFE70698006E0068C00368
:104B5000002807D5FFE70698016E086840F48070CA
:104B60000860FFE70698C06E38B1FFE70698C16E8F
:104B7000086840F480700860FFE7FFE70698006867
:104B80001021C4F20201884200F08180FFE70698FC
:104B900000682821C4F20201884278D0FFE7069815
:104BA00000684021C4F20201884270D0FFE70698F5
:104BB00000685821C4F20201884268D0FFE70698D5
:104BC00000687021C4F20201884260D0FFE70698B5
:104BD00000688821C4F20201884258D0FFE7069895
:104BE0000068A021C4F20201884250D0FFE7069875
:104BF0000068B821C4F20201884248D0FFE7069855
:104C0000006840F21041C4F2020188423FD0FFE741
:104C10000698006840F22841C4F20201884236D06A
:104C2000FFE70698006840F24041C4F20201884262
:104C30002DD0FFE70698006840F25841C4F2020107
:104C4000884224D0FFE70698006840F27041C4F221
:104C5000020188421BD0FFE70698006840F28841B5
:104C6000C4F20201884212D0FFE70698006840F2C1
:104C7000A041C4F20201884209D0FFE7069800680B
:104C800040F2B841C4F20201884207D1FFE706981A
:104C90000168086840F00100086006E006980168B5
:104CA000086840F001000860FFE70DE006994FF446
:104CB00000604865FFE70699002081F83400FFE7AF
:104CC00001208DF80B00FFE79DF80B008DF81F0009
:104CD000FFE79DF81F0008B080BD00000000000045
:104CE00080B584B0039001F03FFD029003980190DD
:104CF0000198013048B1FFE740F22850C2F200406D
:104D00000178019808440190FFE7FFE701F02CFDCE
:104D10000299401A0199884201D2FFE7F6E704B0F0
:104D200080BD00000000000085B003900291019258
:104D3000039890F898008DF803009DF8030001286F
:104D400005D0FFE79DF8030002285DD1FFE7029838
:104D500003990968896D084207D1FFE70398016844
:104D6000C86D40F00100C86515E002980399096814
:104D7000896D08400299884207D1FFE703980168CE
:104D8000C86D40F00200C86504E003980168032084
:104D9000C865FFE7FFE79DF809008007002809D5EF
:104DA000FFE7019A03980168D1F8E0001043C1F8C9
:104DB000E000FFE79DF809004007002809D5FFE75C
:104DC000019A03980168D1F8E4001043C1F8E400A7
:104DD000FFE7FFE702984FF6FF71C3F6CF7100EAD5
:104DE000010203980168486D10434865029A4AF62B
:104DF0001401C4F20001086840EA92700860FFE7FD
:104E000000208DF813000AE00399D1F89C0040F0CF
:104E10000200C1F89C0001208DF81300FFE79DF807
:104E2000130005B07047000080B586B00490039170
:104E300002920398406808B9FFE700E0FFE7049892
:104E400090F89800022845D1FFE704980068D0F850
:104E5000C00010F07C5F0BD1FFE70499D1F89C00F3
:104E600040F02000C1F89C0001208DF817003CE0C4
:104E700004980068D0F8C400800200280BD5FFE732
:104E80000499D1F89C0040F40070C1F89C00012006
:104E90008DF8170029E004980068D0F8C400C0F32A
:104EA0000440019004980399029A019BFCF78CFD41
:104EB0000199012000FA01F1049A1268C2F8D01099
:104EC000019988400499C1F89400FFE700208DF80B
:104ED00017000AE00499D1F89C0040F00800C1F8DE
:104EE0009C0001208DF81700FFE79DF8170006B021
:104EF00080BD00000000000082B00190009102B06F
:104F0000704700000000000084B002900191009200
:104F1000019808B9FFE700E0FFE7029890F89800D1
:104F2000012836D1FFE7019870B9FFE702980068C1
:104F3000D0F8F00020F07C50009940EA016002991E
:104F40000968C1F8F00020E0019801280ED1FFE7C0
:104F500002980068D0F8A00020F0FE40009940EAD6
:104F6000016002990968C1F8A0000DE0029800688C
:104F7000D0F8B00020F0FE40009940EA01600299AC
:104F80000968C1F8B000FFE7FFE700208DF80F00C7
:104F90000AE00299D1F89C0040F00400C1F89C009E
:104FA00001208DF80F00FFE79DF80F0004B0704757
:104FB00087B005900491059890F898008DF803004B
:104FC0009DF80300012805D0FFE79DF803000228A3
:104FD0006AD1FFE70498C068072801D1FFE7FFE71F
:104FE0000498006878BBFFE70498C068072801D0E0
:104FF000FFE7FFE70498C06807280CD1FFE7049A91
:1050000010699169D269000440EA0220084340F027
:10501000605003900CE004998868CB680A6949697C
:10502000800740EAC36040EA024008430390FFE77C
:105030000598C06E0499496800EB810001900398BF
:10504000019908602CE00498C068072801D0FFE7A8
:10505000FFE70498C168006940EA41700390049832
:10506000C068072804D1FFE704988069029006E031
:1050700004988168406940EA81700290FFE70598D2
:10508000006F0499496800EBC100019003980199F1
:105090000860019804300190029801990860FFE7C8
:1050A00000208DF81B000AE00599D1F89C0040F023
:1050B0000200C1F89C0001208DF81B00FFE79DF85D
:1050C0001B0007B07047000085B0DDF814C00390E6
:1050D000029101920093039890F89800012812D150
:1050E000FFE702980001019940EA8100009940EA37
:1050F00041000599084303990968C1F88000002020
:105100008DF813000AE00399D1F89C0040F00400E8
:10511000C1F89C0001208DF81300FFE79DF81300F3
:1051200005B070470000000080B582B00190019882
:1051300000684DF20041C4F20001884214D1FFE73B
:10514000019800F01DF800909DF8010080070028EC
:1051500009D5FFE743F60800C2F200400121002212
:10516000FFF7E2FDFFE7FFE702B080BD00000000AF
:1051700082B00190009102B0704700000000000072
:1051800081B000900098D0F89C0001B070470000FA
:105190008AB0089007910692059300200190089824
:1051A00090F898008DF803009DF80300022840F065
:1051B0005C81FFE70798402851D1FFE70898006815
:1051C000D0F8A00010F4FE0F0BD1FFE70899D1F83A
:1051D0009C0040F02000C1F89C0001208DF82700C1
:1051E0004EE108980068D0F8A400400658B9FFE7DF
:1051F0000899D1F89C0040F48070C1F89C0001200F
:105200008DF827003CE108980068D0F8A40000F071
:1052100080710120B0EB116F0DD1FFE70898006895
:10522000D0F8A0100120B0EBD17F03D1FFE701201F
:105230000190FFE7FFE708980068D0F8A40000F4A9
:105240007C51019800EB112001900898426C406F4E
:105250000199514300EB81000490FFE770E007984B
:10526000412851D1FFE708980068D0F8B00010F449
:10527000FE0F0BD1FFE70899D1F89C0040F0200009
:10528000C1F89C0001208DF82700F9E0089800681B
:10529000D0F8B400400658B9FFE70899D1F89C004F
:1052A00040F48070C1F89C0001208DF82700E7E0F1
:1052B00008980068D0F8B40000F080710120B0EBCD
:1052C000116F0DD1FFE708980068D0F8B0100120E9
:1052D000B0EBD17F03D1FFE701200190FFE7FFE7AB
:1052E00008980068D0F8B40000F47C51019800EBF5
:1052F000112001900898C26C806F0199514300EB16
:1053000081000490FFE71AE007980899096D884228
:105310000BD3FFE70899D1F89C0040F02000C1F8BA
:105320009C0001208DF82700AAE00898426DC06F0C
:105330000799514300EB81000490FFE7FFE7FFE787
:105340000498006800F0804006994860069840681C
:1053500038B9FFE704980068C0F38A4006990860EE
:1053600006E00498006820F0604006990860FFE7B6
:105370000498006800F0005006998860049800685E
:1053800000F00040069908610498043004900498E5
:1053900000880699C86104980068C0F30340069924
:1053A000C8600498006800F4801006994861049869
:1053B000006800F400100699886104980068C0F342
:1053C00006600699086204980068C00F0699486252
:1053D0000498043004900498039000200290FFE7A2
:1053E00002980699CA6848F24061C0F60101895CDA
:1053F00088420AD2FFE70398029A805C0599885494
:10540000FFE7029801300290EAE70798402806D1AA
:10541000FFE7019808990968C1F8A80021E00798FA
:10542000412806D1FFE7019808990968C1F8B8003A
:1054300016E007981F2808D8FFE707990120884041
:1054400008990968C1F8980009E0079800F01F0161
:105450000120884008990968C1F89C00FFE7FFE730
:10546000FFE700208DF827000AE00899D1F89C009A
:1054700040F00800C1F89C0001208DF82700FFE7EC
:105480009DF827000AB0704782B00190019800682B
:10549000D0F8C40000F03F000090009802B07047C0
:1054A00081B0009001B0704780B594B013904AF677
:1054B0001000C4F200000068800712904AF6140041
:1054C000C4F200000168129800EA817012901398EB
:1054D0000068006D00F47040119013980068416DF1
:1054E00011980840119013980068006D00F00F00AB
:1054F000109013980068416D109808401090139810
:105500000068006D00F0F0000F9013980068416D86
:105510000F9808400F9013980068006D00F07150CC
:105520000E9013980068416D0E9808400E901398E5
:105530000068006D00F060700D9013980068416D78
:105540000D9808400D9013980068406D03901398D3
:105550000068006D01909DF80D00C007B8B1FFE72D
:105560009DF80500C00788B1FFE7FFE713980168C1
:105570004FF4807008654AF61001C4F20001002063
:105580000860FFE71398FFF78BFFFFE7FFE79DF841
:105590000D0000F004010020B0EB910F28D0FFE7D0
:1055A0009DF8050000F004010020B0EB910F1ED023
:1055B000FFE713980068D0F8DC000B9013980068A0
:1055C000D0F8E4100B9808400B90FFE7139801689F
:1055D0004FF4806008654AF61001C4F20001002013
:1055E0000860FFE713980B9900F07AFEFFE7FFE7EA
:1055F0001298B8B1FFE7FFE712984FF6FF71C3F6B4
:10560000CF7108401399096808651298800F4AF60F
:105610001001C4F200010860FFE713981299FFF728
:105620006BFCFFE71198B8B1FFE7FFE711984FF661
:10563000FF71C3F6CF710840139909680865119886
:10564000800F4AF61001C4F200010860FFE71398CA
:10565000119900F059FEFFE71098B8B1FFE7FFE796
:1056600010984FF6FF71C3F6CF710840139909687F
:1056700008651098800F4AF61001C4F20001086016
:10568000FFE71398109900F023FDFFE70F98B8B1DA
:10569000FFE7FFE70F984FF6FF71C3F6CF710840A1
:1056A0001399096808650F98800F4AF61001C4F233
:1056B00000010860FFE713980F9900F065FDFFE710
:1056C0009DF80D0000F008010020B0EBD10F1BD0B9
:1056D000FFE79DF8050000F008010020B0EBD10FB6
:1056E00011D0FFE7FFE7139801684FF400600865E9
:1056F0004AF61001C4F2000100200860FFE7139889
:1057000000F00AFEFFE7FFE79DF80D0000F0020140
:105710000020B0EB510F28D0FFE79DF8050000F006
:1057200002010020B0EB510F1ED0FFE71398006874
:10573000D0F8D8000C9013980068D0F8E0100C98BE
:1057400008400C90FFE7139801684FF4007008655B
:105750004AF61001C4F2000100200860FFE7139828
:105760000C9900F0C5FDFFE7FFE79DF80E0000F083
:1057700008010020B0EBD10F1BD0FFE79DF8060019
:1057800000F008010020B0EBD10F11D0FFE7FFE7D8
:10579000139801684FF4002008654AF61001C4F21E
:1057A000000100200860FFE7139800F08DFCFFE780
:1057B000FFE79DF80E00C007B8B1FFE79DF80600AF
:1057C000C00788B1FFE7FFE7139801684FF4803006
:1057D00008654AF61001C4F2000100200860FFE7E6
:1057E000139800F079FDFFE7FFE79DF80E0000F049
:1057F00004010020B0EB910F1BD0FFE79DF80600DD
:1058000000F004010020B0EB910F11D0FFE7FFE79B
:10581000139801684FF4802008654AF61001C4F21D
:10582000000100200860FFE7139800F051FDFFE73A
:10583000FFE79DF80E0000F002010020B0EB510FD1
:105840001FD0FFE79DF8060000F002010020B0EB3A
:10585000510F15D0FFE7FFE7139801684FF40030B0
:1058600008654AF61001C4F2000100200860FFE755
:105870001399D1F89C0040F08000C1F89C00FFE72C
:10588000FFE70D98B8B1FFE7FFE70D984FF6FF71FE
:10589000C3F6CF7108401399096808650D98800F09
:1058A0004AF61001C4F200010860FFE713980D9951
:1058B000FFF75EFCFFE70E98D0B1FFE7FFE70E9819
:1058C0004FF6FF71C3F6CF71084013990968086558
:1058D0000E98800F4AF61001C4F200010860FFE73D
:1058E0000E9A1399D1F89C001043C1F89C00FFE771
:1058F000139800684AF20001C4F20001884240F0A7
:10590000B980FFE71398406880688007002800F09E
:10591000B080FFE713984068006A00F00F000A901B
:1059200013984068416A0A9808400A9013984068A2
:10593000006A00F03000099013984068416A0998A5
:105940000840099013984068006A00F4C0700890FD
:1059500013984068416A0898084008901398406876
:10596000006A00F4FC40079013984068416A079869
:105970000840079013984068006A00F4F0200690F1
:1059800013984068416A069808400690139840684A
:10599000406A029013984068006A00900A9848B1E3
:1059A000FFE70A9813994968086213980A9900F06A
:1059B00077FCFFE7099848B1FFE709981399496810
:1059C00008621398099900F07BFCFFE79DF8080036
:1059D00000F040010020B0EB911F1FD0FFE79DF8C1
:1059E000000000F040010020B0EB911F15D0FFE750
:1059F00013984068C06B000C059013984068C06B0A
:105A000000F03F000490139841684020086213980A
:105A10000599049A00F04CFCFFE7FFE7089848B1AD
:105A2000FFE708981399496808621398089900F0ED
:105A30002FFCFFE7079860B1FFE7079813994968C3
:105A40000862079A1399D1F89C001043C1F89C0092
:105A5000FFE7069860B1FFE7069813994968086266
:105A6000069A1399D1F89C001043C1F89C00FFE7F7
:105A7000FFE7FFE71398D0F89C0020B1FFE71398E9
:105A8000FFF752FBFFE714B080BD000000000000EC
:105A900080B598B0169048F2B841C0F6010101A84F
:105AA0004C22FAF7E2FD169820B9FFE701208DF8A5
:105AB0005F00D9E1169800684AF20001C4F20001C3
:105AC000884206D1FFE71699086800F580704860A3
:105AD000FFE716988068B0F5407F01D1FFE7FFE748
:105AE0001698006C08B1FFE7FFE71698806C08B1C4
:105AF000FFE7FFE71698006D08B1FFE7FFE716988C
:105B0000006E08B1FFE7FFE71699C86D096E0844FB
:105B100008B1FFE7FFE7169890F8980040B9FFE753
:105B20001699002081F89900169800F0A1F9FFE776
:105B300016980168886920F01000886100F014FE52
:105B40001590FFE71698006880690007002817D5B0
:105B5000FFE700F009FE1599401A0B280FD3FFE765
:105B60001699D1F89C0040F00100C1F89C001699EC
:105B7000032081F8980001208DF85F0074E1E1E7CF
:105B800016980168886940F00100886100F0ECFD1A
:105B90001590FFE7169800688069C007B8B9FFE75D
:105BA00000F0E2FD1599401A0B280FD3FFE7169974
:105BB000D1F89C0040F00100C1F89C001699032028
:105BC00081F8980001208DF85F004DE1E2E716981A
:105BD0000168886940F0020088611698007C0128FD
:105BE00007D1FFE716980168886920F040008861B6
:105BF00006E016980168886940F040008861FFE778
:105C00001698407C012807D1FFE71698016888693B
:105C100040F48040886106E016980168886920F4A5
:105C200080408861FFE71698807C012807D1FFE754
:105C300016980168886920F48050886106E01698FB
:105C40000168886940F480508861FFE71698006811
:105C5000806920F44070169A116892681043886138
:105C600016980168886920F0A40088611698016878
:105C7000086920F0100008611698C068012807D153
:105C8000FFE716980168886940F0040088612BE0FE
:105C90001698C06830B3FFE71698C068022819D07C
:105CA000FFE716980168886940F0800088611698BF
:105CB0000168086940F0100008611698C068032860
:105CC00007D1FFE716980168886940F020008861D5
:105CD000FFE706E016980168886940F020008861B7
:105CE000FFE700E0FFE7FFE7169A11685369906944
:105CF000D2F81CE0A0F1010C6FF0FF0000EB0E20C9
:105D000040EA4C60126A013A10430022CFF6FF725B
:105D100002EB03421043C86116988068B0F5407FDB
:105D20001CD1FFE7169A1168536A906AD2F82CE0EA
:105D300001386FF0FF0C0CEB0E2C40EA0C00D2F88F
:105D400030C06FF00F0202EB0C1210430022CFF6AE
:105D5000FF7202EB03421043C860FFE71698006E23
:105D600048B1FFE716980168426ED1F8C0001043B1
:105D7000C1F8C000FFE71699C86D096E084480B1EC
:105D8000FFE716980068D0F8C80020F00700169AC0
:105D90001168936E01AA52F823201043C1F8C8007D
:105DA000FFE71698006C80B1FFE716980068D0F8FE
:105DB000BC0020F00700169A1168536C01AA52F833
:105DC00023201043C1F8BC00FFE71698806C88B10F
:105DD000FFE716980068D0F8BC0020F07000169A13
:105DE0001168D36C01AA52F8232040EA0210C1F8CE
:105DF000BC00FFE71698006D88B1FFE716980068B1
:105E0000D0F8BC0020F4E060169A1168536D01AA26
:105E100052F8232040EA0220C1F8BC00FFE71698A0
:105E200000684AF20001C4F20001884207D1FFE78E
:105E300016984168886820F003008860FFE716998B
:105E40000020C1F894001699C1F89C001699012011
:105E500081F898001698FBF753FC8DF853009DF8D5
:105E600053008DF85F00FFE79DF85F0018B080BD1C
:105E700080B5C0B03F9000203E903D903C903B905C
:105E80003A900CA8B821FAF744FC3F9800684AF20F
:105E90000001C4F20001884255D1FFE700200D90B7
:105EA0004FF400400C904FF0805027900CA801F068
:105EB0003BF818B1FFE7FBF703FCFFE740F2DC60BB
:105EC000C2F200400168013101600068012810D170
:105ED000FFE7FFE744F2EC40C5F60200016841F439
:105EE00080710160006800F480700B900B98FFE7F0
:105EF000FFE7FFE744F2E040C5F60200016841F029
:105F000008010160006800F008000A900A98FFE7A5
:105F100003203A9002203B90002004903C903D905A
:105F200009203E9040F60040C5F602003AA900F074
:105F30001BFA049A13200590012100F0D5FC059866
:105F400000F0C6FCBEE03F9800684AF20041C4F28F
:105F50000001884255D1FFE700200D904FF400402A
:105F60000C904FF0805027900CA800F0DDFF18B186
:105F7000FFE7FBF7A5FBFFE740F2DC60C2F2004061
:105F80000168013101600068012810D1FFE7FFE7D7
:105F900044F2EC40C5F60200016841F480710160F2
:105FA000006800F4807009900998FFE7FFE7FFE7B9
:105FB00044F2E040C5F60200016841F002010160D0
:105FC000006800F0020008900898FFE760203A900F
:105FD00002203B90002002903C903D9009203E9092
:105FE00040F20040C5F602003AA900F0BDF9029A5D
:105FF00014200390012100F077FC039800F068FC66
:106000005FE03F9800684DF20041C4F20001884211
:1060100056D1FFE700200D904FF400400C904FF058
:10602000805027900CA800F07FFF18B1FFE7FBF726
:1060300047FBFFE740F2DC60C2F20040016801313B
:1060400001600068012810D1FFE7FFE744F2EC404F
:10605000C5F60200016841F480710160006800F437
:10606000807007900798FFE7FFE7FFE744F2E04002
:10607000C5F60200016841F008010160006800F007
:10608000080006900698FFE74FF440503A9002202F
:106090003B90002000903C903D9005203E9040F6C3
:1060A0000040C5F602003AA900F05EF9009A9F2070
:1060B0000190114600F018FC019800F009FCFFE780
:1060C000FFE7FFE740B080BD81B0009001B07047AE
:1060D00080B588B007900691079800684AF20001E1
:1060E000C4F20001884212D1FFE7079840F2E05164
:1060F000C2F2004104910A1D059201F12C034021D6
:10610000FFF746F804990598496B884737E00798E8
:1061100000684AF20041C4F20001884212D1FFE750
:10612000079840F25861C2F2004102910A1D0392A1
:1061300001F12C034021FFF72BF802990398496BDA
:1061400088471BE0079800684DF20041C4F2000147
:10615000884212D1FFE7079840F29061C2F20041F5
:1061600000910A1D019201F12C034021FFF710F864
:1061700000990198496B8847FFE7FFE7FFE708B000
:1061800080BD00000000000080B588B00790069137
:10619000079800684AF20001C4F20001884212D157
:1061A000FFE7079840F2E051C2F2004104910A1D56
:1061B000059201F12C034121FEF7EAFF04990598AD
:1061C000496B884737E0079800684AF20041C4F2FB
:1061D0000001884212D1FFE7079840F25861C2F2ED
:1061E000004102910A1D039201F12C034121FEF7A7
:1061F000CFFF02990398496B88471BE00798006816
:106200004DF20041C4F20001884212D1FFE7079825
:1062100040F29061C2F2004100910A1D019201F129
:106220002C034121FEF7B4FF00990198496B884780
:10623000FFE7FFE7FFE708B080BD000000000000B7
:1062400082B00090009890F89800012811D1FFE7E3
:106250000099022081F8980000980168886920F070
:106260000100886100990020C1F89C008DF80700AA
:106270000AE00099D1F89C0040F00400C1F89C00AD
:1062800001208DF80700FFE79DF8070002B0704776
:1062900082B00190009102B0704700000000000041
:1062A00082B00190009102B0704700000000000031
:1062B00083B002900191009203B07047000000008B
:1062C00082B00190009102B0704700000000000011
:1062D00081B0009001B0704781B0009001B070476C
:1062E00082B00190009102B07047000000000000F1
:1062F00082B00190009143F68051C2F200410868DB
:106300000130086002B0704782B00190009102B085
:10631000704700000000000081B0009001B070479D
:1063200081B0ADF8020001B070470000000000002D
:1063300080B582B0ADF806008820C5F60000006880
:10634000BDF8061008420BD0FFE7BDF80600882113
:10635000C5F600010860BDF80600FFF7E1FFFFE7A2
:1063600002B080BD000000008FB00E900D910020A3
:106370000C908020C5F600000990FFE70D9800689A
:106380000C99C840002800F0C181FFE70D98006813
:106390000C9A0121914008400B900B98002800F0C6
:1063A000B181FFE70D98406800F00300012807D095
:1063B000FFE70D98406800F0030002282FD1FFE7A7
:1063C0000E9880680A900C984100032000FA01F1B1
:1063D0000A9888430A900D98C0680C99490000FA01
:1063E00001F10A9808430A900A980E9988600E985D
:1063F00040680A900C99012000FA01F10A9888433C
:106400000A900D984068C0F300100C9900FA01F151
:106410000A9808430A900A980E994860FFE70D9879
:10642000406800F00300032818D0FFE70E98C0680A
:106430000A900C984100032000FA01F10A98884361
:106440000A900D9880680C99490000FA01F10A98A9
:1064500008430A900A980E99C860FFE70D984068B3
:1064600000F00300022826D1FFE70E980C996FF088
:10647000030202EA51010844006A0A900C9800F0F5
:10648000070081000F2000FA01F10A9888430A9062
:106490000D9800690C9901F00701890000FA01F1DB
:1064A0000A9808430A900A980E990C9B02EA530234
:1064B00011440862FFE70E9800680A900C984100AA
:1064C000032000FA01F10A9888430A900D98406869
:1064D00000F003000C99490000FA01F10A98084302
:1064E0000A900A980E9908600D9880798007002814
:1064F00000F00781FFE7FFE744F2F440C5F6020031
:10650000016841F002010160006800F0020008909B
:106510000898FFE70C9820F0030040F20841C5F608
:10652000000140580A900C9800F0030081000F20F1
:1065300000FA01F10A9888430A900E980021C5F6E6
:106540000201884203D1FFE7002007906CE00E981B
:1065500040F20041C5F60201884203D1FFE7012065
:1065600006905EE00E9840F60001C5F602018842F2
:1065700003D1FFE70220059050E00E9840F600415D
:10658000C5F60201884203D1FFE70320049042E0F0
:106590000E9841F20001C5F60201884203D1FFE7DF
:1065A0000420039034E00E9841F20041C5F6020148
:1065B000884203D1FFE70520029026E00E9841F6BD
:1065C0000001C5F60201884203D1FFE706200190D1
:1065D00018E00E9841F60041C5F60201884203D149
:1065E000FFE7072000900AE00E9942F20042C5F64C
:1065F00002020A20914208BF09200090FFE700989C
:106600000190FFE701980290FFE702980390FFE7EF
:1066100003980490FFE704980590FFE7059806901B
:10662000FFE706980790FFE707980C9901F0030130
:10663000890000FA01F10A9808430A900A980C9917
:1066400021F0030140F20842C5F6000288504FF0E5
:10665000B04000680A900B990A9888430A900D98F8
:106660008079C006002805D5FFE70B990A980843F2
:106670000A90FFE70A984FF0B04108600420C5F681
:10668000000000680A900B990A9888430A900D98B8
:1066900080798006002805D5FFE70B990A98084302
:1066A0000A90FFE70A980421C5F6000108600998DE
:1066B00040680A900B990A9888430A900D9880794F
:1066C0008007002805D5FFE70B990A9808430A9030
:1066D000FFE70A9809994860099800680A900B99A1
:1066E0000A9888430A900D988079C00728B1FFE77F
:1066F0000B990A9808430A90FFE70A9809990860DD
:10670000FFE7FFE70C9801300C9037E60FB07047B9
:1067100083B00290ADF80610029840690090009A8C
:10672000BDF8060002EA0001904340EA01400299E8
:10673000886103B07047000082B00190ADF802108C
:106740008DF801209DF8010028B1FFE7BDF8020097
:106750000199886105E0BDF8020000040199886193
:10676000FFE702B07047000043F68450C2F20040D9
:10677000006870470000000040F22850C2F200405C
:10678000027843F68451C2F2004108681044086060
:10679000704700000000000080B582B0032000F0C8
:1067A000BBF801F059FE44F21842C5F60202116826
:1067B000C1F3032348F23061C0F60101CB5C03F062
:1067C0001F03D84000900098126802F00F02895C05
:1067D00001F01F01C84040F21401C2F200410860FC
:1067E000009840F21001C2F200410860072000F05A
:1067F00013F820B1FFE701208DF8070005E000F055
:106800004FF800208DF80700FFE79DF8070002B061
:1068100080BD00000000000080B582B0009040F212
:106820002850C2F20040007820B9FFE701208DF81F
:10683000070030E040F21000C2F20040006840F271
:106840002851C2F200410A784FF47A71B1FBF2F19B
:10685000B0FBF1F003F0C0FD20B1FFE701208DF89F
:10686000070018E000980F280DD8FFE700994FF0B7
:10687000FF30002200F038F8009840F22C51C2F2AC
:106880000041086003E001208DF8070003E00020CC
:106890008DF80700FFE79DF8070002B080BD0000FB
:1068A00080B582B0FFE744F2F440C5F6020001680B
:1068B00041F002010160006800F0020001900198BF
:1068C000FFE7042000F028F802B080BD00000000BF
:1068D00080B582B0ADF80600BDF9060011F058F899
:1068E00002B080BD0000000080B586B0ADF8160093
:1068F0000491039211F064F80290BDF91600019022
:1069000002980499039A06F083FD0146019811F05C
:106910005FF806B080BD000080B582B0019001989C
:1069200011F07AF802B080BD80B584B0029044F6D0
:106930000C00C5F60200006800F004010020B0EB76
:10694000910F13D1FFE744F60C00C5F60200006872
:1069500000F007000299884204D0FFE701208DF87B
:106960000F002EE000208DF80F002AE044F60C0105
:10697000C5F60201086820F00700029A104308607B
:10698000FFF7F2FE0190FFE744F60400C5F60200AF
:10699000006800F400510020B0EB513F0DD1FFE73B
:1069A000FFF7E2FE0199401AB0F57A7F04D9FFE7BC
:1069B00001208DF80F0004E0E6E700208DF80F00BD
:1069C000FFE79DF80F0004B080BD0000000000004C
:1069D00080B501F0EDFC44F22041C5F602010968E2
:1069E000C1F3021248F23061C0F60101895C01F086
:1069F0001F01C84080BD000088B0079044F22840C5
:106A0000C5F60200016801F0030106910068C0F3B9
:106A10000530059044F22C40C5F602000068C0F332
:106A200000100490049844F23C41C5F60201096844
:106A300089B2C908484300EE100AB8EE400A8DED4D
:106A4000020A0598002800F01181FFE706980090DF
:106A500048B1FFE70098012865D0FFE700980228B9
:106A600000F08380A3E044F20040C5F60200006815
:106A700000F020010020B0EB511F31D0FFE744F2BD
:106A80000040C5F602000068C0F3C10149F20000F1
:106A9000C0F2D030C84003909DED030AB8EE400A22
:106AA0009DED051AB8EE411A80EE010A44F2384015
:106AB000C5F6020000686FF35F2001EE100AB8EE21
:106AC000411A9DED022A9FED6F3A02EE031AB7EECE
:106AD000002A31EE021A20EE010A8DED010A21E0B2
:106AE0009DED050AB8EE401A9FED680A80EE010A96
:106AF00044F23840C5F6020000686FF35F2001EEF3
:106B0000100AB8EE411A9DED022A9FED5E3A02EEA0
:106B1000031AB7EE002A31EE021A20EE010A8DEDBB
:106B2000010AFFE765E09DED050AB8EE401A9FED0A
:106B3000560A80EE010A44F23840C5F602000068A9
:106B40006FF35F2001EE100AB8EE411A9DED022AA4
:106B50009FED4C3A02EE031AB7EE002A31EE021A0C
:106B600020EE010A8DED010A43E09DED050AB8EE25
:106B7000401A9FED430A80EE010A44F23840C5F600
:106B8000020000686FF35F2001EE100AB8EE411AB0
:106B90009DED022A9FED3B3A02EE031AB7EE002A62
:106BA00031EE021A20EE010A8DED010A21E09DED81
:106BB000050AB8EE401A9FED340A80EE010A44F24D
:106BC0003840C5F6020000686FF35F2001EE100A3E
:106BD000B8EE411A9DED022A9FED2A3A02EE031A01
:106BE000B7EE002A31EE021A20EE010A8DED010AFD
:106BF000FFE79DED010A44F23840C5F60200016846
:106C000089B2490A01EE101AB8EE411AB7EE002A0D
:106C100031EE021A80EE010A0799BCEEC00A81ED3E
:106C2000000A9DED010A0168C1F3064101EE101A48
:106C3000B8EE411A31EE021A80EE010A0799BCEE55
:106C4000C00A81ED010A9DED010A0068C0F30660EB
:106C500001EE100AB8EE411A31EE021A80EE010A76
:106C60000798BCEEC00A80ED020A07E007990020F1
:106C700008600799486007998860FFE708B0704787
:106C8000001BB74B000000390024744A0024744CE8
:106C900088B0079044F22840C5F60200016801F070
:106CA000030106910068C0F30550059044F22C40A2
:106CB000C5F602000068C0F300200490049844F276
:106CC0004441C5F60201096889B2C908484300EE8B
:106CD000100AB8EE400A8DED020A0598002800F06F
:106CE0001181FFE70698009048B1FFE7009801285E
:106CF00065D0FFE70098022800F08380A3E044F20B
:106D00000040C5F60200006800F020010020B0EB52
:106D1000511F31D0FFE744F20040C5F60200006881
:106D2000C0F3C10149F20000C0F2D030C840039066
:106D30009DED030AB8EE400A9DED051AB8EE411A22
:106D400080EE010A44F24040C5F6020000686FF38D
:106D50005F2001EE100AB8EE411A9DED022A9FED68
:106D60006F3A02EE031AB7EE002A31EE021A20EE55
:106D7000010A8DED010A21E09DED050AB8EE401AE9
:106D80009FED680A80EE010A44F24040C5F6020019
:106D900000686FF35F2001EE100AB8EE411A9DED16
:106DA000022A9FED5E3A02EE031AB7EE002A31EE98
:106DB000021A20EE010A8DED010AFFE765E09DED64
:106DC000050AB8EE401A9FED560A80EE010A44F219
:106DD0004040C5F6020000686FF35F2001EE100A24
:106DE000B8EE411A9DED022A9FED4C3A02EE031ACD
:106DF000B7EE002A31EE021A20EE010A8DED010AEB
:106E000043E09DED050AB8EE401A9FED430A80EE7F
:106E1000010A44F24040C5F6020000686FF35F20AB
:106E200001EE100AB8EE411A9DED022A9FED3B3AA1
:106E300002EE031AB7EE002A31EE021A20EE010A22
:106E40008DED010A21E09DED050AB8EE401A9FED97
:106E5000340A80EE010A44F24040C5F602000068A0
:106E60006FF35F2001EE100AB8EE411A9DED022A81
:106E70009FED2A3A02EE031AB7EE002A31EE021A0B
:106E800020EE010A8DED010AFFE79DED010A44F2B3
:106E90004040C5F60200016889B2490A01EE101AA5
:106EA000B8EE411AB7EE002A31EE021A80EE010A5E
:106EB0000799BCEEC00A81ED000A9DED010A016848
:106EC000C1F3064101EE101AB8EE411A31EE021A72
:106ED00080EE010A0799BCEEC00A81ED010A9DED22
:106EE000010A0068C0F3066001EE100AB8EE411A0C
:106EF00031EE021A80EE010A0798BCEEC00A80ED5E
:106F0000020A07E00799002008600799486007997E
:106F10008860FFE708B07047001BB74B00000039DE
:106F20000024744A0024744C80B59AB01890002054
:106F30008DF857008DF856001898C0780007002883
:106F400048D5FFE71898406E149078B1FFE7149881
:106F5000B0F5801F13D0FFE71498B0F5001F16D0CE
:106F6000FFE71498B0F5401F19D019E044F22C4106
:106F7000C5F60201086840F40030086014E0189873
:106F80000830022106F080FA8DF857000CE01898BE
:106F90002830022106F060FB8DF8570004E003E082
:106FA00001208DF85700FFE79DF8570060B9FFE713
:106FB00044F25041C5F60201086820F44010189AC6
:106FC000526E1043086004E09DF857008DF856009B
:106FD000FFE7FFE718984078C007002840D0FFE798
:106FE0001898806D1390042820D81399DFE801F0D9
:106FF000030C141C1D0044F22C41C5F60201086864
:1070000040F40030086015E018980830002106F0C0
:107010003BFA8DF857000DE018982830002106F053
:107020001BFB8DF8570005E004E003E001208DF81C
:107030005700FFE79DF8570060B9FFE744F2504161
:10704000C5F60201086820F00700189A926D1043F7
:10705000086004E09DF857008DF85600FFE7FFE751
:10706000189840784007002856D5FFE71898D0F8C0
:10707000A4001290C8B1FFE71298B0F5001F1DD010
:10708000FFE71298B0F5800F20D0FFE71298B0F517
:10709000C00F23D0FFE71298B0F5000F1FD0FFE715
:1070A0001298B0F5200F1BD01BE044F22C41C5F61E
:1070B0000201086840F40030086016E018980830B3
:1070C000002106F0E1F98DF857000EE018982830FD
:1070D000002106F0C1FA8DF8570006E005E004E053
:1070E00003E001208DF85700FFE79DF8570068B9CD
:1070F000FFE744F25841C5F60201086820F4600039
:10710000189AD2F8A4201043086004E09DF85700B4
:107110008DF85600FFE7FFE7189840780007002831
:1071200056D5FFE71898D0F8A8001190C8B1FFE72E
:107130001198B0F1807F1DD0FFE71198B0F1007F6A
:1071400020D0FFE71198B0F1407F23D0FFE71198DE
:10715000B0F1806F1FD0FFE71198B0F1A06F1BD086
:107160001BE044F22C41C5F60201086840F40030EF
:10717000086016E018980830002106F085F98DF8AF
:1071800057000EE018982830002106F065FA8DF8B7
:10719000570006E005E004E003E001208DF8570009
:1071A000FFE79DF8570068B9FFE744F25841C5F67C
:1071B0000201086820F0E060189AD2F8A820104375
:1071C000086004E09DF857008DF85600FFE7FFE7E0
:1071D0001898C078800700283ED5FFE71898C06C43
:1071E0001090F0B1FFE71098102808D0FFE7109832
:1071F00020280DD0FFE71098302811D012E044F27B
:107200002C41C5F60201086840F4003008600DE02A
:1072100018980830022106F037F98DF8570005E07C
:1072200004E003E001208DF85700FFE79DF85700C8
:1072300060B9FFE744F24C41C5F60201086820F04E
:107240003000189AD26C1043086004E09DF8570093
:107250008DF85600FFE7FFE718984078C006002831
:107260004ED5FFE71898C06D0F90A0B1FFE70F98BB
:10727000B0F5805F18D0FFE70F98B0F5005F1BD026
:10728000FFE70F98B0F5405F1ED0FFE70F98B0F50D
:10729000804F1AD01AE044F22C41C5F6020108686A
:1072A00040F40030086015E018980830002106F01E
:1072B000EBF88DF857000DE018982830002106F003
:1072C000CBF98DF8570005E004E003E001208DF8CC
:1072D0005700FFE79DF8570060B9FFE744F25041BF
:1072E000C5F60201086820F4E040189AD26D1043F8
:1072F000086004E09DF857008DF85600FFE7FFE7AF
:1073000018984078800600284CD5FFE71898006E42
:107310000E90C8B1FFE70E98B0F5803F15D0FFE79B
:107320000E98B0F5003F18D0FFE70E98B0F5403F3B
:107330001BD0FFE70E98B0F5802F17D0FFE70E980F
:10734000B0F5A02F13D013E016E0189808300121F3
:1073500006F09AF88DF857000EE0189828300121B1
:1073600006F07AF98DF8570006E005E004E003E046
:1073700001208DF85700FFE79DF8570060B9FFE73F
:1073800044F25041C5F60201086820F4E020189A42
:10739000126E1043086004E09DF857008DF8560007
:1073A000FFE7FFE718984078400600284ED5FFE732
:1073B0001898D0F8AC000D90C8B1FFE70D98B0F167
:1073C000805F15D0FFE70D98B0F1005F18D0FFE7A0
:1073D0000D98B0F1405F1BD0FFE70D98B0F1804FE2
:1073E00017D0FFE70D98B0F1A04F13D013E016E0CF
:1073F00018980830012106F047F88DF857000EE084
:1074000018982830012106F027F98DF8570006E07A
:1074100005E004E003E001208DF85700FFE79DF848
:10742000570068B9FFE744F25841C5F60201086801
:1074300020F0E040189AD2F8AC201043086004E035
:107440009DF857008DF85600FFE7FFE71898407841
:10745000000600283BD5FFE71898C06E0C90D8B105
:10746000FFE70C98B0F1805F05D0FFE70C98B0F112
:10747000005F09D011E044F22C41C5F60201086812
:1074800040F4003008600CE018980830012105F045
:10749000FBFF8DF8570004E003E001208DF8570052
:1074A000FFE79DF8570060B9FFE744F25041C5F689
:1074B0000201086820F04050189AD26E104308600C
:1074C00004E09DF857008DF85600FFE7FFE7189895
:1074D000C078C007002837D0FFE71898806C0B9061
:1074E000032817D80B99DFE801F014020B1344F2BC
:1074F0002C41C5F60201086840F4003008600DE038
:1075000018980830022105F0BFFF8DF8570005E0FC
:1075100004E003E001208DF85700FFE79DF85700D5
:1075200060B9FFE744F24C41C5F60201086820F05B
:107530000300189A926C1043086004E09DF857000D
:107540008DF85600FFE7FFE718988078400600287E
:1075500040F1B480FFE744F60001C5F60201086877
:1075600040F480700860FFF7FFF81690FFE744F6DC
:107570000000C5F602000068C00500280CD4FFE733
:10758000FFF7F2F81699401A652804D3FFE70320A5
:107590008DF8570000E0EAE79DF85700002840F01A
:1075A0008780FFE744F27040C5F60200006800F4EF
:1075B00040701899D1F8B01001F44071884213D08E
:1075C000FFE744F27041C5F60201086820F44070FC
:1075D0001790086840F480300860086820F4803014
:1075E000086017980860FFE71898D0F8B000B0F569
:1075F000807F1FD1FFE7FFF7B7F81690FFE744F24F
:107600007040C5F60200006800F002010020B0EBF7
:10761000510F0ED1FFE7FFF7A7F81699401A41F274
:107620008931884204D3FFE703208DF8570000E03A
:10763000E5E7FFE79DF85700A0BBFFE7FFE71898D5
:10764000D0F8B00000F44070B0F5407F13D1FFE7F0
:1076500044F21041C5F60201086820F47C50189AE3
:10766000D2F8B0204FF6F043C0F6FF731A4040EA5C
:107670001210086008E044F21041C5F602010868E3
:1076800020F47C500860FFE71898D0F8B0206FF322
:107690001F3244F27041C5F60201086810430860C9
:1076A000FFE704E09DF857008DF85600FFE704E07F
:1076B0009DF857008DF85600FFE7FFE7189800681F
:1076C000C007002800F04C80FFE71898806F0A90F0
:1076D00028282BD80A99DFE801F01529292929291A
:1076E000292916292929292929291E292929292928
:1076F00029292629292929292929272929292929FF
:107700002929280016E018980830012105F0BCFE50
:107710008DF857000EE018982830012105F09CFFE5
:107720008DF8570006E005E004E003E001208DF845
:107730005700FFE79DF8570060B9FFE744F2544156
:10774000C5F60201086820F03800189A926F1043BD
:10775000086004E09DF857008DF85600FFE7FFE74A
:10776000189800788007002839D5FFE71898406FEF
:107770000990052819D80999DFE801F003040C14D1
:10778000151616E018980830012105F07DFE8DF8D9
:1077900057000EE018982830012105F05DFF8DF8A4
:1077A000570006E005E004E003E001208DF85700F3
:1077B000FFE79DF8570060B9FFE744F25441C5F672
:1077C0000201086820F00700189A526F1043086001
:1077D00004E09DF857008DF85600FFE7FFE7189882
:1077E0000078400700283BD5FFE71898D0F89000B4
:1077F0000890052819D80899DFE801F003040C1453
:10780000151616E018980830012105F03DFE8DF898
:1078100057000EE018982830012105F01DFF8DF863
:10782000570006E005E004E003E001208DF8570072
:10783000FFE79DF8570068B9FFE744F25841C5F6E5
:107840000201086820F00700189AD2F8902010432F
:10785000086004E09DF857008DF85600FFE7FFE749
:1078600018980078800600284ED5FFE71898D0F8C1
:107870008C000790C8B1FFE70798B0F1805F15D082
:10788000FFE70798B0F1005F18D0FFE70798B0F165
:10789000405F1BD0FFE70798B0F1804F17D0FFE79C
:1078A0000798B0F1A04F13D013E016E018980830F5
:1078B000002105F0E9FD8DF857000EE018982830FA
:1078C000022105F0C9FE8DF8570006E005E004E04E
:1078D00003E001208DF85700FFE79DF8570068B9D5
:1078E000FFE744F25441C5F60201086820F0E04089
:1078F000189AD2F88C201043086004E09DF85700D5
:107900008DF85600FFE7FFE718980078400600283A
:107910004ED5FFE71898D0F898000690C8B1FFE759
:107920000698B0F5806F15D0FFE70698B0F5006FA8
:1079300018D0FFE70698B0F5406F1BD0FFE7069818
:10794000B0F5805F17D0FFE70698B0F5A05F13D0C1
:1079500013E016E018980830002105F095FD8DF829
:1079600057000EE018982830022105F075FE8DF8BA
:10797000570006E005E004E003E001208DF8570021
:10798000FFE79DF8570068B9FFE744F25841C5F694
:107990000201086820F4E050189AD2F898201043A9
:1079A000086004E09DF857008DF85600FFE7FFE7F8
:1079B00018980078000600284ED5FFE71898D0F8F0
:1079C0009C000590C8B1FFE70598B0F5005F15D0A1
:1079D000FFE70598B0F5804F18D0FFE70598B0F5A0
:1079E000C04F1BD0FFE70598B0F5004F17D0FFE759
:1079F0000598B0F5204F13D013E016E01898083022
:107A0000002105F041FD8DF857000EE01898283050
:107A1000022105F021FE8DF8570006E005E004E0A4
:107A200003E001208DF85700FFE79DF8570068B983
:107A3000FFE744F25841C5F60201086820F46040AF
:107A4000189AD2F89C201043086004E09DF8570073
:107A50008DF85600FFE7FFE7189800780007002828
:107A600020D5FFE71898D0F88000B0F5805F0CD1E2
:107A7000FFE718982830022105F0EEFD20B1FFE75E
:107A800001208DF85600FFE7FFE744F25441C5F6A8
:107A90000201086820F44050189AD2F88020104360
:107AA0000860FFE718980078C006002820D5FFE797
:107AB0001898D0F89400B0F5807F0CD1FFE71898A3
:107AC0002830022105F0C8FD20B1FFE701208DF824
:107AD0005600FFE7FFE744F25841C5F60201086887
:107AE00020F44070189AD2F8942010430860FFE701
:107AF00018988078000700283CD5FFE71898D0F840
:107B0000A000049050B1FFE70498B0F5803F0DD07D
:107B1000FFE70498B0F5003F10D010E01898083047
:107B2000002105F0B1FC8DF857000CE018982830C2
:107B3000022105F091FD8DF8570004E003E00120DB
:107B40008DF85700FFE79DF8570068B9FFE744F24A
:107B50005841C5F60201086820F44030189AD2F85E
:107B6000A0201043086004E09DF857008DF85600EF
:107B7000FFE7FFE718988078400700283FD5FFE728
:107B80001898D0F884000390B0F5801F0AD0FFE762
:107B90000398B0F5001F0ED0FFE70398B0F5401F23
:107BA00011D011E044F22C41C5F60201086840F4FE
:107BB000003008600CE018982830012105F04CFDD9
:107BC0008DF8570004E003E001208DF85700FFE72F
:107BD0009DF8570068B9FFE744F25441C5F6020129
:107BE000086820F44010189AD2F8842010430860E6
:107BF00004E09DF857008DF85600FFE7FFE718985E
:107C00008078C007A8B3FFE71898006D029028B1EC
:107C1000FFE70298B0F5803F09D010E044F22C4114
:107C2000C5F60201086840F4003008600BE01898BF
:107C30000830022105F028FC8DF8570003E00120F0
:107C40008DF85700FFE79DF8570060B9FFE744F251
:107C50004C41C5F60201086820F48030189A126D74
:107C60001043086004E09DF857008DF85600FFE7C8
:107C7000FFE71898C078800600280CD5FFE7189811
:107C80002830022105F0E8FC20B1FFE701208DF843
:107C90005600FFE7FFE718988078800700283AD55C
:107CA000FFE71898C06F0190D0B1FFE70198B0F5D9
:107CB000807F0AD0FFE70198B0F5007F0ED0FFE784
:107CC0000198B0F5407F0AD00BE044F22C41C5F694
:107CD0000201086840F40030086006E005E004E0B6
:107CE00003E001208DF85700FFE79DF8570060B9C9
:107CF000FFE744F25441C5F60201086820F44070E1
:107D0000189AD26F1043086004E09DF857008DF870
:107D10005600FFE7FFE718988078C00600280CD5CA
:107D2000FFE744F25041C5F60201086820F0004028
:107D3000189A126F10430860FFE718988078800641
:107D400000280CD5FFE744F25041C5F6020108684F
:107D500020F08070189A926E10430860FFE7189820
:107D6000C0784006002811D5FFE7FFE744F2104134
:107D7000C5F60201086820F4004008601898D0F8A1
:107D8000B420086810430860FFE7FFE71898C07840
:107D9000000600280CD5FFE744F24C41C5F602016D
:107DA000086820F04050189A526D10430860FFE7B1
:107DB00018988078000600280DD5FFE744F254415A
:107DC000C5F60201086820F44000189AD2F888200D
:107DD00010430860FFE718980079C00790B1FFE7EB
:107DE00018980830002105F04FFB8DF857009DF8DA
:107DF000570008B9FFE704E09DF857008DF85600DA
:107E0000FFE7FFE7189800798007002812D5FFE701
:107E100018980830012105F037FB8DF857009DF8C0
:107E2000570008B9FFE704E09DF857008DF85600A9
:107E3000FFE7FFE7189800794007002812D5FFE711
:107E400018980830022105F01FFB8DF857009DF8A7
:107E5000570008B9FFE704E09DF857008DF8560079
:107E6000FFE7FFE7189800790007002812D5FFE721
:107E700018982830002105F0EFFB8DF857009DF889
:107E8000570008B9FFE704E09DF857008DF8560049
:107E9000FFE7FFE718980079C006002812D5FFE732
:107EA00018982830012105F0D7FB8DF857009DF870
:107EB000570008B9FFE704E09DF857008DF8560019
:107EC000FFE7FFE7189800798006002812D5FFE742
:107ED00018982830022105F0BFFB8DF857009DF857
:107EE000570008B9FFE704E09DF857008DF85600E9
:107EF000FFE7FFE79DF8560020B9FFE700208DF867
:107F0000670003E001208DF86700FFE79DF8670038
:107F10001AB080BD0000000080B586B004900391C7
:107F2000049820B9FFE701208DF817003CE2039880
:107F300042F20001C5F20021096801F00F018842F8
:107F400016D9FFE742F20000C5F20020016821F0D7
:107F50000F01039A11430160006800F00F000399BC
:107F6000884204D0FFE701208DF817001CE2FFE7EC
:107F7000049800784007002819D5FFE704980069A5
:107F800044F21841C5F60201096801F07001884207
:107F90000CD9FFE744F21841C5F60201086820F049
:107FA0007000049A126910430860FFE7FFE7049825
:107FB00000780007002819D5FFE70498406944F2CB
:107FC0001C41C5F60201096801F0700188420CD914
:107FD000FFE744F21C41C5F60201086820F070007A
:107FE000049A526910430860FFE7FFE7049800789D
:107FF000C006002819D5FFE70498806944F21C41A7
:10800000C5F60201096801F4E06188420CD9FFE776
:1080100044F21C41C5F60201086820F4E060049AAD
:10802000926910430860FFE7FFE704980078800634
:10803000002819D5FFE70498C06944F22041C5F62D
:108040000201096801F0700188420CD9FFE744F28F
:108050002041C5F60201086820F07000049AD26938
:1080600010430860FFE7FFE70498007880070028C6
:1080700019D5FFE70498C06844F21841C5F602011B
:10808000096801F00F0188420CD9FFE744F218415A
:10809000C5F60201086820F00F00049AD268104368
:1080A0000860FFE7FFE704980078C007002800F0A9
:1080B0008C80FFE744F21841C5F60201086820F4FD
:1080C0007060049A9268104308600498406802281F
:1080D00011D1FFE744F20040C5F60200006800F449
:1080E00000310020B0EB514F04D1FFE701208DF8A3
:1080F000170059E13EE004984068032811D1FFE7DA
:1081000044F20040C5F60200006800F00071002053
:10811000B0EB516F04D1FFE701208DF8170043E168
:1081200027E004984068012811D1FFE744F200409D
:10813000C5F60200006800F480710020B0EB112F3A
:1081400004D1FFE701208DF817002DE110E044F283
:108150000040C5F60200006800F004010020B0EB0A
:10816000910F04D1FFE701208DF817001CE1FFE714
:10817000FFE7FFE744F21041C5F60201086820F06E
:108180000700049A526810430860FEF7EDFA019068
:10819000FFE744F21040C5F60200006800F0380026
:1081A00004994968B0EBC10F0ED0FFE7FEF7DCFA87
:1081B0000199401A41F28931884204D3FFE7032034
:1081C0008DF81700F0E0E4E7FFE7049800788007F7
:1081D000002819D5FFE70498C06844F21841C5F695
:1081E0000201096801F00F0188420CD2FFE744F256
:1081F0001841C5F60201086820F00F00049AD26801
:1082000010430860FFE7FFE7039842F20001C5F260
:108210000021096801F00F01884216D2FFE742F2FF
:108220000000C5F20020016821F00F01039A1143FC
:108230000160006800F00F000399884204D0FFE756
:1082400001208DF81700AFE0FFE7049800784007A1
:10825000002819D5FFE70498006944F21841C5F6D3
:108260000201096801F0700188420CD2FFE744F274
:108270001841C5F60201086820F07000049A1269DE
:1082800010430860FFE7FFE7049800780007002824
:1082900019D5FFE70498406944F21C41C5F6020174
:1082A000096801F0700188420CD2FFE744F21C41DA
:1082B000C5F60201086820F07000049A5269104364
:1082C0000860FFE7FFE704980078C006002819D58A
:1082D000FFE70498806944F21C41C5F60201096871
:1082E00001F4E06188420CD2FFE744F21C41C5F67C
:1082F0000201086820F4E060049A92691043086063
:10830000FFE7FFE7049800788006002819D5FFE70B
:108310000498C06944F22041C5F60201096801F0E1
:10832000700188420CD2FFE744F22041C5F60201F9
:10833000086820F07000049AD26910430860FFE7D3
:10834000FFE700F089F844F21842C5F6020211680E
:10835000C1F3032348F23061C0F60101CB5C03F0A6
:108360001F03D84000900098126802F00F02895C49
:1083700001F01F01C84040F21401C2F20041086040
:10838000009840F21001C2F20041086040F22C5007
:10839000C2F200400068FEF73FFA8DF80B009DF82E
:1083A0000B008DF81700FFE79DF8170006B080BDA1
:1083B00080B582B000F050F844F21842C5F60202CF
:1083C0001168C1F3032348F23061C0F60101CB5CB0
:1083D00003F01F03D84001900198126802F00F02C9
:1083E000895C01F01F0120FA01F140F21400C2F291
:1083F00000400160019940F21002C2F20042116097
:10840000006802B080BD000080B5FFF7D1FF44F2E4
:108410001C41C5F602010968C1F3021248F230613D
:10842000C0F60101895C01F01F01C84080BD000059
:1084300080B5FFF7BDFF44F21C41C5F60201096893
:10844000C1F3022248F23061C0F60101895C01F0FB
:108450001F01C84080BD00008AB044F21040C5F63C
:108460000200006800F0380001460191182800F26F
:108470005F810199DFE811F019005C015C015C018A
:108480005C015C015C015C013A005C015C015C0127
:108490005C015C015C015C0140005C015C015C0111
:1084A0005C015C015C015C01460044F20040C5F6E1
:1084B0000200006800F020010020B0EB511F0ED038
:1084C000FFE744F20040C5F602000068C0F3C101B6
:1084D00049F20000C0F2D030C840029005E049F2F5
:1084E0000000C0F2D0300290FFE727E140F6001014
:1084F000C0F23D00029021E143F20060C0F26E1034
:1085000002901BE144F22840C5F60200016801F028
:10851000030108910068C0F30510079044F22C4055
:10852000C5F60200006800F001000690069844F2CB
:108530003441C5F60201096889B2C908484300EE12
:10854000100AB8EE400A8DED040A0798002800F0E2
:10855000EB80FFE70898009048B1FFE700980128FA
:1085600065D0FFE70098022800F08380A3E044F282
:108570000040C5F60200006800F020010020B0EBCA
:10858000511F31D0FFE744F20040C5F602000068F9
:10859000C0F3C10149F20000C0F2D030C8400590DC
:1085A0009DED050AB8EE400A9DED071AB8EE411A96
:1085B00080EE010A44F23040C5F6020000686FF315
:1085C0005F2001EE100AB8EE411A9DED042A9FEDDE
:1085D0005E3A02EE031AB7EE002A31EE021A20EEDE
:1085E000010A8DED030A21E09DED070AB8EE401A5D
:1085F0009FED570A80EE010A44F23040C5F60200B2
:1086000000686FF35F2001EE100AB8EE411A9DED8D
:10861000042A9FED4D3A02EE031AB7EE002A31EE1E
:10862000021A20EE010A8DED030AFFE765E09DEDD9
:10863000070AB8EE401A9FED450A80EE010A44F29F
:108640003040C5F6020000686FF35F2001EE100AAB
:10865000B8EE411A9DED042A9FED3B3A02EE031A53
:10866000B7EE002A31EE021A20EE010A8DED030A60
:1086700043E09DED070AB8EE401A9FED320A80EE06
:10868000010A44F23040C5F6020000686FF35F2033
:1086900001EE100AB8EE411A9DED042A9FED2A3A28
:1086A00002EE031AB7EE002A31EE021A20EE010A9A
:1086B0008DED030A21E09DED070AB8EE401A9FED0B
:1086C000230A80EE010A44F23040C5F60200006839
:1086D0006FF35F2001EE100AB8EE411A9DED042AF7
:1086E0009FED193A02EE031AB7EE002A31EE021A94
:1086F00020EE010A8DED030AFFE744F23040C5F693
:108700000200006881B2012000EB512009909DED2C
:10871000030A9DED091AB8EE411A80EE010ABCEE7B
:10872000C00A8DED020A02E000200290FFE705E09A
:1087300040F60010C0F23D000290FFE702980AB038
:10874000704700BF001BB74B000000390024744A7B
:108750000024744C0000000080B58CB00A900A9888
:1087600028B9FFE701208DF82F0000F001BD0A981D
:108770000078C007002800F0B980FFE744F21040FD
:10878000C5F60200006800F03800069044F2284068
:10879000C5F6020000680590069810280AD0FFE789
:1087A000069818281CD1FFE7059800F0030002285E
:1087B00016D1FFE744F20040C5F60200006800F45D
:1087C00000310020B0EB514F09D0FFE70A98406814
:1087D00028B9FFE701208DF82F0000F0C9BC84E024
:1087E000FFE70A984068B0F5803F09D1FFE744F2FF
:1087F0000041C5F60201086840F48030086032E0AC
:108800000A98406868B9FFE744F20041C5F60201E2
:10881000086820F480300860086820F48020086030
:1088200020E00A984068B0F5A02F0DD1FFE744F290
:108830000041C5F60201086840F48020086008681D
:1088400040F4803008600CE044F20041C5F60201BB
:10885000086820F480300860086820F480200860F0
:10886000FFE7FFE7FFE7FFE70A984068F0B1FFE79F
:10887000FDF77AFF0990FFE744F20040C5F60200D9
:10888000006800F400310020B0EB514F0DD1FFE73C
:10889000FDF76AFF0999401A652805D3FFE7032011
:1088A0008DF82F0000F064BCE6E71DE0FDF75CFFEB
:1088B0000990FFE744F20040C5F60200006800F4AA
:1088C00000310020B0EB514F0DD0FFE7FDF74CFF1A
:1088D0000999401A652805D3FFE703208DF82F007A
:1088E00000F046BCE6E7FFE7FFE7FFE70A980078FD
:1088F0008007002840F1C580FFE744F21040C5F62C
:108900000200006800F03800049044F22840C5F6E8
:10891000020000680390049850B1FFE704981828FB
:1089200050D1FFE79DF80C00800700284AD1FFE7EF
:1089300044F20040C5F60200006800F00401002087
:10894000B0EB910F09D0FFE70A98C06828B9FFE79C
:1089500001208DF82F0000F00BBC44F20041C5F659
:108960000201086820F019000A9AD26810430860D2
:10897000FDF7FAFE0990FFE744F20040C5F6020059
:10898000006800F004010020B0EB910F0CD1FFE76C
:10899000FDF7EAFE0999401A032804D3FFE70320F4
:1089A0008DF82F00E4E3E7E744F20441C5F6020145
:1089B000086820F0FE400A9A126940EA02600860E6
:1089C000FFE75DE00A98C068A0B3FFE744F200410A
:1089D000C5F60201086820F019000A9AD26810430F
:1089E0000860FDF7C1FE0990FFE744F20040C5F6BC
:1089F0000200006800F004010020B0EB910F0CD1E0
:108A0000FFE7FDF7B1FE0999401A032804D3FFE7F9
:108A100003208DF82F00ABE3E7E744F20441C5F6ED
:108A20000201086820F0FE400A9A126940EA0260DA
:108A3000086024E044F20041C5F60201086820F015
:108A400001000860FDF790FE0990FFE744F2004046
:108A5000C5F60200006800F004010020B0EB910FA1
:108A60000CD0FFE7FDF780FE0999401A032804D3D4
:108A7000FFE703208DF82F007AE3E7E7FFE7FFE742
:108A8000FFE70A980078C006002840F1A080FFE7C1
:108A900044F21040C5F60200006800F03800029071
:108AA00044F22840C5F602000068019002980828A8
:108AB0000AD0FFE7029818282BD1FFE7019800F0B1
:108AC0000300012825D1FFE744F20040C5F602006B
:108AD000006800F480710020B0EB112F09D0FFE78F
:108AE0000A98C069802804D0FFE701208DF82F0084
:108AF0003EE3FFE744F20C41C5F60201086820F0AE
:108B00007C500A9A126A40EA02600860FFE7FFE7B9
:108B10005CE00A98C06998B3FFE744F20041C5F6EB
:108B20000201086840F080000860FDF71DFE099012
:108B3000FFE744F20040C5F60200006800F48071CF
:108B40000020B0EB112F0CD1FFE7FDF70DFE0999C6
:108B5000401A032804D3FFE703208DF82F0007E312
:108B6000E7E7FFE744F20C41C5F60201086820F090
:108B70007C500A9A126A40EA02600860FFE724E02B
:108B800044F20041C5F60201086820F08000086048
:108B9000FDF7EAFD0990FFE744F20040C5F6020048
:108BA000006800F480710020B0EB112F0CD0FFE7BB
:108BB000FDF7DAFD0999401A032804D3FFE70320E3
:108BC0008DF82F00D4E2E7E7FFE7FFE7FFE70A9819
:108BD0000078000700284FD5FFE70A98406928B3BE
:108BE000FFE744F27441C5F60201086840F0010055
:108BF0000860FDF7B9FD0990FFE744F27440C5F63F
:108C00000200006800F002010020B0EB510F0CD10F
:108C1000FFE7FDF7A9FD0999401A032804D3FFE7F0
:108C200003208DF82F00A3E2E7E724E044F274412B
:108C3000C5F60201086820F001000860FDF794FD08
:108C40000990FFE744F27440C5F60200006800F0A6
:108C500002010020B0EB510F0CD0FFE7FDF784FDBF
:108C60000999401A032804D3FFE703208DF82F0049
:108C70007EE2E7E7FFE7FFE70A9800788006002832
:108C80004FD5FFE70A98806928B3FFE744F2004117
:108C9000C5F60201086840F480500860FDF764FDE5
:108CA0000990FFE744F20040C5F60200006800F4B6
:108CB00000510020B0EB513F0CD1FFE7FDF754FD10
:108CC0000999401A032804D3FFE703208DF82F00E9
:108CD0004EE2E7E724E044F20041C5F602010868ED
:108CE00020F480500860FDF73FFD0990FFE744F253
:108CF0000040C5F60200006800F400510020B0EB0F
:108D0000513F0CD0FFE7FDF72FFD0999401A0328CA
:108D100004D3FFE703208DF82F0029E2E7E7FFE700
:108D2000FFE70A9800784007002840F1A780FFE796
:108D300044F60001C5F60201086840F4807008603E
:108D4000FDF712FD0990FFE744F60000C5F60200AA
:108D50000068C00500280CD4FFE7FDF705FD099960
:108D6000401A652804D3FFE703208DF82F00FFE1A8
:108D7000EAE7FFE70A988068012809D1FFE744F293
:108D80007041C5F60201086840F00100086031E05A
:108D90000A98806868B9FFE744F27041C5F602019D
:108DA000086820F001000860086820F004000860EE
:108DB0001FE00A98806805280DD1FFE744F2704152
:108DC000C5F60201086840F004000860086840F039
:108DD000010008600CE044F27041C5F60201086829
:108DE00020F001000860086820F004000860FFE738
:108DF000FFE7FFE7FFE70A988068F8B1FFE7FDF7B4
:108E0000B3FC0990FFE744F27040C5F60200006829
:108E100000F002010020B0EB510F0ED1FFE7FDF78B
:108E2000A3FC0999401A41F28931884204D3FFE733
:108E300003208DF82F009BE1E5E71EE0FDF794FC91
:108E40000990FFE744F27040C5F60200006800F0A8
:108E500002010020B0EB510F0ED0FFE7FDF784FCBC
:108E60000999401A41F28931884204D3FFE703206F
:108E70008DF82F007CE1E5E7FFE7FFE70A98406AFD
:108E8000002800F07181FFE744F21040C5F60200AF
:108E9000006800F03800182800F0E080FFE70A982A
:108EA000406A022840F0B480FFE744F20041C5F672
:108EB0000201086820F080700860FDF755FC0990F9
:108EC000FFE744F20040C5F60200006800F00071C0
:108ED0000020B0EB516F0CD0FFE7FDF745FC09997E
:108EE000401A032804D3FFE703208DF82F003FE149
:108EF000E7E7FFE744F22841C5F60201086840F2BF
:108F0000F33290430A9B9A6ADB6A42EA03121043E7
:108F100008600A99086BD1F834C08B6BCA6B0138B2
:108F20006FF35F204FF60061CFF6FF7101EB4C212C
:108F300089B208440021CFF6FF7101EB034101F42F
:108F4000FE0108444FF07F4101EB026101F0FE4158
:108F5000084444F23041C5F602010860FFE744F2DC
:108F60002C41C5F602010091086820F0010008605C
:108F700044F23442C5F6020210684FF6F873984383
:108F80000A9B9B6C40EAC3001060086820F00C004C
:108F90000A9A126C10430860086820F002000A9ACE
:108FA000526C10430860086840F48030086008681C
:108FB00040F400300860086840F4802008600868C9
:108FC00040F00100086044F20041C5F60201086863
:108FD00040F080700860FDF7C7FB0990FFE744F29E
:108FE0000040C5F60200006800F000710020B0EB00
:108FF000516F0CD1FFE7FDF7B7FB0999401A032821
:1090000004D3FFE703208DF82F00B1E0E7E724E069
:1090100044F20041C5F60201086820F08070086043
:10902000FDF7A2FB0990FFE744F20040C5F60200FD
:10903000006800F000710020B0EB516F0CD0FFE72A
:10904000FDF792FB0999401A032804D3FFE7032098
:109050008DF82F008CE0E7E7FFE784E044F228403A
:10906000C5F602000068089044F23040C5F60200E0
:10907000006807900A98406A012837D0FFE70898EF
:1090800000F003000A99896A88422FD1FFE7089807
:1090900000F47C710A98C06AB0EB111F26D1FFE77B
:1090A00007986FF35F200A99096B013988421DD137
:1090B000FFE7BDF81C100A98406B0138B0EB512F48
:1090C00014D1FFE7079800F4FE010A98806B01387D
:1090D000B0EB114F0AD1FFE7079800F0FE410A9864
:1090E000C06B0138B0EB116F04D0FFE701208DF8A1
:1090F0002F003DE044F23440C5F60200006880B223
:10910000C00808900A98806C0899884229D0FFE727
:1091100044F22C41C5F60201086820F00100086005
:10912000FDF722FB0990FFE7FDF71EFB0999401AA6
:1091300008B9FFE7F8E744F23441C5F602010868D0
:109140004FF6F87290430A9A926C40EAC2000860A7
:1091500044F22C41C5F60201086840F001000860A5
:10916000FFE7FFE7FFE7FFE700208DF82F00FFE7AD
:109170009DF82F000CB080BD80B586B0049003919F
:1091800002920193049820B9FFE701208DF817009F
:1091900056E00498D0F8880040B9FFE70499002011
:1091A00081F88400049803F013F8FFE70499242061
:1091B000C1F8880004980168086820F00100086080
:1091C0000498806A20B1FFE7049805F07DFCFFE772
:1091D000049806F0F5FA012804D1FFE701208DF884
:1091E00017002DE004980168886840F4804088608A
:1091F00004980068806820F40040039908430499AB
:10920000096888600298400500900199009840EA3A
:10921000014000900498006800686FF319400099BD
:10922000084304990968086004980168086840F0D8
:1092300001000860049805F0EBFC8DF81700FFE7CB
:109240009DF8170006B080BD80B582B001900198EE
:1092500007F0FEFB0090009870B1FFE70098D0F88F
:10926000140148B1FFE700990198D1F81431D1F801
:10927000182101219847FFE702B080BD00000000DF
:1092800080B588B007900798006800690690079835
:109290000068406905900698059908400490079871
:1092A00000688068039000200290079890F8810081
:1092B0008DF8070007980068303000909DF8150081
:1092C0000007002810D5FFE79DF8180000070028C8
:1092D0000AD5FFE707980168886940F40060886153
:1092E000079800F065FC91E19DF810004006002809
:1092F00015D4FFE79DF81000800600280FD4FFE783
:109300009DF810004007002809D5FFE70798416F36
:1093100088470798016F884701200290FFE79DF872
:1093200010004006002811D4FFE79DF81000C00788
:1093300060B1FFE79DF810004007002806D4FFE762
:109340000798016F884701200290FFE79DF8100001
:109350008006002812D4FFE79DF81000800700283F
:109360000CD5FFE79DF810004007002806D4FFE762
:109370000798416F884701200290FFE7029808B1E3
:10938000FFE743E19DF810000007002840F18980C5
:10939000FFE707980168886940F00800886107982E
:1093A0000168886940F01000886107980168886941
:1093B00040F40060886107980168086920F008009F
:1093C000086107980068806810F4404F3AD1FFE7C1
:1093D000FFE70798B0F86A0098B3FFE70798C068FE
:1093E00010280BD3FFE707980068006B0799496EB8
:1093F00008600799486E043048661BE00798C0680B
:1094000008280AD3FFE7009800880799496E08806A
:109410000799486E023048660BE00798006890F89C
:1094200030000799496E08700799486E0130486608
:10943000FFE7FFE70799B1F86A000138A1F86A0071
:10944000C7E7FFE7079804F0FFF90799012081F8C3
:1094500081000798D0F8840020B1FFE70798FFF754
:10946000F3FED3E09DF80700052804D1FFE7079835
:1094700000F00EFF14E09DF80700042804D1FFE778
:10948000079800F091FB0AE09DF80700032804D13B
:10949000FFE7079800F0DCFE00E0FFE7FFE7FFE7EB
:1094A000B4E0BDF8100010F4587F00F0AF80FFE783
:1094B0009DF81000400600280ED5FFE70799D1F867
:1094C000840040F00400C1F88400079801688869AE
:1094D00040F040008861FFE79DF8110080070028F8
:1094E0000ED5FFE70799D1F8840040F00100C1F8DC
:1094F000840007980168886940F400708861FFE77C
:109500009DF81100C00770B1FFE70799D1F88400FA
:1095100040F00800C1F8840007980168886940F4A9
:1095200080708861FFE79DF81000800600280ED546
:10953000FFE70799D1F8840040F08000C1F884006B
:1095400007980168886940F020008861FFE7079864
:10955000D0F88400002858D0FFE707980168086811
:1095600020F00100086007980168086940F26B323A
:1095700090430861039800F44040B0F5404F3BD160
:10958000FFE707980168886820F4404088600798E2
:10959000C06FB0B1FFE70798C16F4DF66110C0F61C
:1095A000000008650798C06FF8F726FF40B1FFE795
:1095B0000799D1F8840040F04000C1F88400FFE72B
:1095C000FFE70798806FB0B1FFE70798816F4DF60E
:1095D0006110C0F6000008650798806FF8F70CFF6F
:1095E00040B1FFE70799D1F8840040F04000C1F88E
:1095F0008400FFE7FFE707E00799012081F8810079
:109600000798FFF721FEFFE7FFE7FFE708B080BDFF
:1096100080B586B00490049820B9FFE701208DF84A
:1096200017003AE10498406A08B9FFE7FFE7049998
:10963000002088620498006843F20001C4F201012E
:1096400088421BD0FFE70498006843F60001C4F28B
:109650000001884212D0FFE70498006843F60041F9
:10966000C4F20001884209D0FFE70498C0681028BE
:1096700004D3FFE701208DF817000EE1049804F0F1
:10968000D7F902900498006843F20001C4F2010186
:10969000884216D0FFE70498006843F60001C4F240
:1096A000000188420DD0FFE70498006843F60041AE
:1096B000C4F20001884204D0FFE7029808281FD8AE
:1096C000FFE70498006843F20001C4F201018842F8
:1096D00012D0FFE70498006843F60001C4F20001CD
:1096E000884209D0FFE70498006843F60041C4F2BD
:1096F0000001884208D1FFE70298112804D3FFE750
:1097000001208DF81700C8E0049890F8810040B956
:10971000FFE70499002081F88000049800F0C4F865
:10972000FFE70499022081F8810004980168086825
:1097300020F00100086004980068806800F4F810C8
:10974000039004988069B0F1806F1BD1FFE7049803
:109750004068B0F5800F04D1FFE70498806B50B1EA
:10976000FFE70498406868B9FFE70498806BB0F1A0
:10977000805F07D1FFE704980168086840F48050D3
:109780000860FFE7049880794006002810D5FFE7BD
:109790000498C06807280BD3FFE7049800680068A6
:1097A00020F48070049A1168126D1043086006E07E
:1097B00004980168086820F480700860FFE7049B43
:1097C0001968DA68D869D3F828C040EA0C00DDF8D7
:1097D0000CC040EA0C00DB6B184310438860049A0D
:1097E0000192506B516A0843916B08439169084399
:1097F0001168D2F804C09368D2F810E040EA0E0075
:10980000D2F814E040EA0E00D2F820E040EA0E0060
:1098100040EA0C00D2F84CC040EA0C001843936CAC
:109820001843926D1043C8600498406898B9FFE7E8
:10983000049800688068012161F3CC2004990968CC
:109840008860049800688068022161F34A200499C6
:1098500009688860FFE704980168086D20F001003E
:10986000086504988079400600280BD5FFE7049826
:109870000068C06820F00040049A1168526D1043DF
:10988000C860FFE704990020C1F88400049A012110
:1098900082F881108DF81700FFE79DF8170006B0D9
:1098A00080BD00000000000080B5CAB049900020D3
:1098B0004890479046904590449016A8B821F6F7F6
:1098C00028FF4998006843F20001C4F20101884270
:1098D00040F09A80FFE7002017904FF480511691D6
:1098E0002D9016A8FDF720FB18B1FFE7F7F7E8FE6B
:1098F000FFE7FFE744F2F040C5F60200016841F4DB
:1099000080510160006800F4805015901598FFE7C1
:10991000FFE744F2E040C5F60200016841F00801AB
:109920000160006800F0080014901498FFE7FFE75A
:1099300044F2E040C5F60200016841F00201016016
:10994000006800F0020013901398FFE78020449015
:1099500002200A90459000200E90469003200B9024
:10996000479005200C90489040F60040C5F6020054
:1099700044A90D91FCF7F8FCDDF828C00B9A0C986F
:109980000D990E9B4FF0080ECDF810E1CDF814C1E3
:1099900046934792489040F20040C5F60200FCF71B
:1099A000E3FC0E9943F2A010C2F200400F9040F287
:1099B0001042C4F20202026026224260402282600B
:1099C000C1604FF48062026141618161C1610162E5
:1099D0004162FAF751F918B1FFE7F7F771FEFFE7B7
:1099E000FFE7499843F2A011C2F20041816749980C
:1099F0008863FFE72320099003210022FCF774FF0E
:109A00000998FCF765FFCDE04998006843F600012E
:109A1000C4F20001884240F0C480FFE700201790A4
:109A20004FF4805116912D9016A8FDF77DFA18B1CC
:109A3000FFE7F7F745FEFFE7FFE744F2E840C5F62A
:109A40000200016841F480410160006800F4804038
:109A500012901298FFE7FFE744F2E040C5F60200DB
:109A6000016841F004010160006800F004001190F9
:109A70001198FFE7FFE744F2E040C5F602000168F5
:109A800041F002010160006800F00200109010989F
:109A9000FFE70620449002200390459000200790A5
:109AA000469003200490479005200590489040F68A
:109AB0000000C5F6020044A90691FCF755FCDDF84C
:109AC0000CC0049A05980699079B4FF4005ECDF8E8
:109AD00010E1CDF814C146934792489040F20040FF
:109AE000C5F60200FCF740FC079943F21820C2F2C9
:109AF000004008904022C4F2020202602722426025
:109B00008160C1604FF48062026141618161C16125
:109B10004FF4403202624162FAF7AEF818B1FFE743
:109B2000F7F7CEFDFFE7FFE7499843F21821C2F2AD
:109B30000041C16749988863FFE743F29020C2F271
:109B4000004002902821C4F20201016028214160F6
:109B5000402181600021C1604FF480620261416157
:109B60008161C1614FF4003202624162FAF784F808
:109B700018B1FFE7F7F7A4FDFFE7FFE7499843F2C5
:109B80009021C2F20041816749988863FFE7242051
:109B9000019000221146FCF7A7FE0198FCF798FE01
:109BA000FFE7FFE74AB080BD81B0009001B0704789
:109BB00081B0009001B0704780B588B006900591E3
:109BC000ADF8122003930698006820300290FCF74D
:109BD000CBFD0190069890F88100012804D0FFE7A2
:109BE00002208DF81F00D5E1059820B1FFE7BDF8F0
:109BF000120020B9FFE701208DF81F00CAE1FFE73E
:109C0000069890F88000012804D1FFE702208DF823
:109C10001F00BFE10699012081F88000FFE7FFE700
:109C20000699032081F8810006990020C1F884007C
:109C30000599069AD165BDF81210069AA2F860102F
:109C4000BDF81210069AA2F86210069948660699A5
:109C5000A1F868000699A1F86A0006994867069974
:109C6000086706988068B0F5C02F07D1FFE706980F
:109C70000168086840F40060086009E00698006820
:109C8000C068012161F3524006990968C860FFE786
:109C90000698006840684FF6FF718843BDF81210BF
:109CA000084406990968486006980168086840F009
:109CB0000100086006984068B0F5800F07D1FFE703
:109CC00006980168086840F400700860FFE706988D
:109CD000C068102848D3FFE7FFE70698B0F8620095
:109CE000002840D0FFE706980068406980070028F8
:109CF00010D5FFE706980168C06D006808620699F4
:109D0000C86D0430C8650699B1F862000138A1F841
:109D1000620027E0FCF728FD0199401A0399884268
:109D200004D3FFE70398013018B9FFE70398C0B9DF
:109D3000FFE7069803F088FD0699D1F8840040F407
:109D40008070C1F884000699012081F88100FFE746
:109D50000699002081F88000FFE703208DF81F009E
:109D600018E1FFE7B9E7E8E00698C068082863D380
:109D7000FFE7FFE70698B0F8620000285BD0FFE736
:109D8000069800684069800700282BD5FFE70698F1
:109D9000B0F86200022814D3FFE70698C06B80B1C8
:109DA000FFE706980168C06D006808620699C86DF3
:109DB0000430C8650699B1F862000238A1F8620063
:109DC0000FE00698C06D0088029908800699C86D5A
:109DD0000230C8650699B1F862000138A1F8620046
:109DE000FFE727E0FCF7C0FC0199401A039988427D
:109DF00004D3FFE70398013018B9FFE70398C0B90F
:109E0000FFE7069803F020FD0699D1F8840040F49E
:109E10008070C1F884000699012081F88100FFE775
:109E20000699002081F88000FFE703208DF81F00CD
:109E3000B0E0FFE79EE77FE0FFE70698B0F862003A
:109E4000002878D0FFE7069800684069800700285E
:109E500048D5FFE70698B0F86200042815D3FFE75D
:109E60000698C06B412810D3FFE706980168C06DC3
:109E7000006808620699C86D0430C8650699B1F893
:109E800062000438A1F862002BE00698B0F8620086
:109E9000022814D3FFE70698C06B80B1FFE706984D
:109EA000C06D0088029908800699C86D0230C865A7
:109EB0000699B1F862000238A1F8620010E0069835
:109EC0000168C06D007881F820000699C86D0130E6
:109ED000C8650699B1F862000138A1F86200FFE791
:109EE000FFE727E0FCF740FC0199401A03998842FC
:109EF00004D3FFE70398013018B9FFE70398C0B90E
:109F0000FFE7069803F0A0FC0699D1F8840040F41E
:109F10008070C1F884000699012081F88100FFE774
:109F20000699002081F88000FFE703208DF81F00CC
:109F300030E0FFE781E7FFE7FFE70698039B019921
:109F40006A4611600821002203F0B2FD40B1FFE72C
:109F50000699D1F8840040F02000C1F88400FFE7A2
:109F6000069803F071FC0699012081F88100FFE753
:109F70000699002081F88000FFE70698D0F8840059
:109F800020B1FFE701208DF81F0003E000208DF8CD
:109F90001F00FFE79DF81F0008B080BD0000000013
:109FA00080B584B002900191ADF80220029890F83B
:109FB0008100012804D0FFE702208DF80F0040E166
:109FC000019820B1FFE7BDF8020020B9FFE70120AA
:109FD0008DF80F0035E1FFE7029890F88000012826
:109FE00004D1FFE702208DF80F002AE10299012039
:109FF00081F88000FFE7FFE70299032081F88100E4
:10A0000002990020C1F884000199029AD165BDF837
:10A010000210029AA2F86010BDF80210029AA2F88B
:10A020006210029948660299486702990867029986
:10A03000A1F868000299A1F86A0002988068B0F55A
:10A04000C02F07D1FFE702980168086840F400605C
:10A05000086009E002980068C068012161F352407D
:10A0600002990968C860FFE70298C068102807D302
:10A07000FFE70298806F8069B0F5804F13D1FFE74A
:10A080000298C068082818D3FFE70298806F80699B
:10A09000B0F5005F11D0FFE70298806F8069B0F5DE
:10A0A000804F0AD0FFE7FFE70299002081F8800087
:10A0B000FFE701208DF80F00C3E00298C068072871
:10A0C00021D8FFE70298806F8069B0F5005F09D161
:10A0D000FFE70298B0F86200013040080299A1F849
:10A0E0006200FFE70298806F8069B0F5804F09D168
:10A0F000FFE70298B0F86200033080080299A1F8E7
:10A100006200FFE717E00298C0680F2811D8FFE748
:10A110000298806F8069B0F5804F09D1FFE70298FF
:10A12000B0F86200013040080299A1F86200FFE730
:10A1300000E0FFE7FFE70298816F4DF6D110C0F60F
:10A14000000008640298816F4DF6E910C0F6000027
:10A15000C8630298816F4DF69110C0F60000C86484
:10A160000298816F0020086502980168886820F4D1
:10A1700000408860029B1A68D96D986F2032B3F84E
:10A180006230FAF729FAA8B1FFE70299D1F8840002
:10A1900040F01000C1F884000299012081F881008C
:10A1A000FFE70299002081F88000FFE701208DF889
:10A1B0000F0046E00298806FC069B0F5807F0AD139
:10A1C000FFE70298006840684FF6FF7188430299E4
:10A1D000096848600CE00298006840684FF6FF711B
:10A1E0008843BDF802100844029909684860FFE7F7
:10A1F00002980168886840F400408860029801680D
:10A20000086940F44870086102980168086840F0E5
:10A210000100086002984068B0F5800F07D1FFE7A1
:10A2200002980168086840F400700860FFE7FFE7E3
:10A230000299002081F88000FFE700208DF80F00D0
:10A24000FFE79DF80F0004B080BD00000000000093
:10A2500080B582B00190019806F0FAFB009000985A
:10A2600070B1FFE70098D0F8140148B1FFE70099FA
:10A270000198D1F81431D1F8182100219847FFE74F
:10A2800002B080BD0000000081B0009001B07047B6
:10A2900080B582B001900198006843F20001C4F2D9
:10A2A0000101884226D1FFE740F2F060C2F200408F
:10A2B000406848B1FFE740F2F061C2F200414868EF
:10A2C0000989FCF725FAFFE740F2F060C2F200408E
:10A2D000D0F8100168B1FFE740F2F061C2F200412E
:10A2E000D1F81031B1F80A2101F10A008A319847FA
:10A2F000FFE75FE00198006843F60001C4F2000147
:10A30000884226D1FFE740F60C00C2F200404068C8
:10A3100048B1FFE740F60C01C2F2004148680989E4
:10A32000FCF7F6F9FFE740F60C00C2F20040D0F867
:10A33000100168B1FFE740F60C01C2F20041D1F80C
:10A340001031B1F80A2101F10A008A319847FFE77C
:10A350002FE00198006843F60041C4F200018842F2
:10A3600026D1FFE740F62810C2F20040406848B10D
:10A37000FFE740F62811C2F2004148680989FCF75E
:10A38000C7F9FFE740F62810C2F20040D0F81001EC
:10A3900068B1FFE740F62811C2F20041D1F8103150
:10A3A000B1F80A2101F10A008A319847FFE7FFE777
:10A3B000FFE7FFE702B080BD82B00190009140F25C
:10A3C0000441C5F600010868019A9043009A1043C1
:10A3D000086002B07047000080B582B0019001981B
:10A3E00003F09EFB02B080BD81B0009001B07047C9
:10A3F00081B0009001B0704781B0009001B070470B
:10A4000085B003900291FFE7039890F83C00012883
:10A4100004D1FFE702208DF81300ABE0039901207F
:10A4200081F83C00FFE7FFE70399022081F83D0037
:10A430000398006840680190039800688068009065
:10A44000039800680021C4F20101884209D0FFE7A7
:10A450000398006840F20041C4F2010188420AD129
:10A46000FFE7019820F4700001900298416801987C
:10A4700008430190FFE7019820F0700001900298D6
:10A4800001680198084301900198039909684860A0
:10A49000039800680021C4F2010188424ED0FFE712
:10A4A00003980068B0F1804F48D0FFE70398006838
:10A4B00040F20041C4F2000188423FD0FFE7039818
:10A4C000006840F60001C4F20001884236D0FFE780
:10A4D0000398006840F60041C4F2000188422DD084
:10A4E000FFE70398006840F20041C4F2010188428E
:10A4F00024D0FFE70398006841F60001C4F2000190
:10A5000088421BD0FFE70398006844F20001C4F2C0
:10A510000101884212D0FFE7039800684EF2000163
:10A52000C4F20001884209D0FFE7039800684EF2A8
:10A530000041C4F2000188420ED1FFE7009820F0EC
:10A54000800000900298816800980843009000986D
:10A55000039909688860FFE70399012081F83D00AD
:10A56000FFE70399002081F83C00FFE700208DF809
:10A570001300FFE79DF8130005B0704700000000CE
:10A5800080B582B00090009820B9FFE701208DF8D7
:10A59000070045E0009890F83D0040B9FFE70099BA
:10A5A000002081F83C00009800F03EF8FFE7009999
:10A5B000022081F83D00009951F8040B03F0F8FBEC
:10A5C0000099012081F84800FFE70099012081F8F7
:10A5D0003E00009981F83F00009981F84000009901
:10A5E00081F84100009981F84200009981F8430008
:10A5F000FFE7FFE70099012081F84400009981F806
:10A600004500009981F84600009981F84700FFE76E
:10A610000099012081F83D0000208DF80700FFE738
:10A620009DF8070002B080BD80B586B00590059802
:10A63000006840F20041C4F20001884210D1FFE7F7
:10A64000FFE744F2E840C5F60200016841F002016C
:10A650000160006800F0020004900498FFE745E004
:10A660000598006840F60001C4F20001884219D143
:10A67000FFE7FFE744F2E840C5F60200016841F059
:10A6800004010160006800F0040003900398FFE7F4
:10A690001E20019002210022FCF726F90198FCF708
:10A6A00017F922E00598006840F60041C4F2000165
:10A6B000884219D1FFE7FFE744F2E840C5F60200FF
:10A6C000016841F008010160006800F00800029094
:10A6D0000298FFE73220009001210022FCF704F9E4
:10A6E0000098FCF7F5F8FFE7FFE7FFE706B080BD4D
:10A6F00083B00190019890F83D00012804D0FFE755
:10A7000001208DF80B0083E00199022081F83D00C3
:10A7100001980168C86840F00100C86001980068AD
:10A720000021C4F2010188424ED0FFE70198006881
:10A73000B0F1804F48D0FFE70198006840F2004137
:10A74000C4F2000188423FD0FFE70198006840F65C
:10A750000001C4F20001884236D0FFE7019800688A
:10A7600040F60041C4F2000188422DD0FFE7019875
:10A77000006840F20041C4F20101884224D0FFE7A2
:10A780000198006841F60001C4F2000188421BD024
:10A79000FFE70198006844F20001C4F20101884219
:10A7A00012D0FFE7019800684EF20001C4F20001E8
:10A7B000884209D0FFE7019800684EF20041C4F2D8
:10A7C0000001884219D1FFE70198006880680721DD
:10A7D000C0F2010108400090009806280CD0FFE765
:10A7E0000098B0F5803F07D0FFE70198016808683E
:10A7F00040F001000860FFE706E001980168086882
:10A8000040F001000860FFE700208DF80B00FFE733
:10A810009DF80B0003B0704780B586B0049003919B
:10A8200000208DF80B00FFE7049890F83C00012809
:10A8300004D1FFE702208DF81700D1E00499012030
:10A8400081F83C00FFE7FFE70499022081F83D0012
:10A85000049800688068019001984FF68871CFF6DF
:10A86000CE7108400190019820F47F40019001983A
:10A87000049909688860039800680090002800F037
:10A880009580FFE70098102800F09080FFE700987F
:10A89000202800F08B80FFE70098302800F08680A9
:10A8A000FFE70098402874D0FFE70098502856D062
:10A8B000FFE7009860285FD0FFE7009870282AD053
:10A8C000FFE70098B0F5805F24D0FFE70098B0F56F
:10A8D000005F35D0FFE70098B0F5801F66D0FFE736
:10A8E0000098B0F1101F61D0FFE700982021C0F25E
:10A8F000100188425AD0FFE700983021C0F21001C1
:10A90000884253D0FFE700984021C0F210018842EE
:10A910004CD052E055E004980068039B5A6899684F
:10A92000DB6803F029FB04980068806801900198B7
:10A9300040F077000190019804990968886040E030
:10A9400004980068039B5A689968DB6803F014FB5D
:10A9500004980168886840F48040886031E0049879
:10A960000068039A5168D26803F02EFF04980068CB
:10A97000502103F01DFB24E004980068039A5168FD
:10A98000D26803F049FF04980068602103F010FBCF
:10A9900017E004980068039A5168D26803F014FF26
:10A9A00004980068402103F003FB0AE00498006863
:10A9B0000399096803F0FCFA03E001208DF80B000D
:10A9C000FFE70499012081F83D00FFE7049900208A
:10A9D00081F83C00FFE79DF80B008DF81700FFE7BA
:10A9E0009DF8170006B080BD81B0009001B070479F
:10A9F00080B584B0039003980068C0680290039803
:10AA00000068006901909DF804008007002824D5A3
:10AA1000FFE79DF80800800700281DD5FFE7039891
:10AA200001686FF00200086103990120087703981C
:10AA300000688069800720B1FFE70398FFF7D4FF23
:10AA400006E0039800F030F9039800F061FAFFE7A0
:10AA5000039900200877FFE7FFE79DF8040040070F
:10AA6000002825D5FFE79DF80800400700281ED5DF
:10AA7000FFE7039801686FF0040008610399022062
:10AA8000087703980068806910F4407F04D0FFE7DE
:10AA90000398FFF7A9FF06E0039800F005F9039873
:10AAA00000F036FAFFE7039900200877FFE7FFE799
:10AAB0009DF804000007002824D5FFE79DF8080052
:10AAC000000700281DD5FFE7039801686FF0080014
:10AAD000086103990420087703980068C06980071B
:10AAE00020B1FFE70398FFF77FFF06E0039800F02F
:10AAF000DBF8039800F00CFAFFE7039900200877D1
:10AB0000FFE7FFE79DF80400C006002825D5FFE712
:10AB10009DF80800C00600281ED5FFE703980168CD
:10AB20006FF0100008610399082008770398006807
:10AB3000C06910F4407F04D0FFE70398FFF754FF8B
:10AB400006E0039800F0B0F8039800F0E1F9FFE7A1
:10AB5000039900200877FFE7FFE79DF80400C0078E
:10AB600078B1FFE79DF80800C00748B1FFE70398F8
:10AB700001686FF001000861039800F0CDF9FFE76C
:10AB8000FFE7019800F08000802806D0FFE79DF8DD
:10AB900005008006002810D5FFE79DF80800000694
:10ABA000002809D5FFE7039801686FF40250086197
:10ABB0000398FFF71DFCFFE7FFE79DF80500C007BE
:10ABC00080B1FFE79DF808000006002809D5FFE7DF
:10ABD000039801686FF4807008610398FFF704FC24
:10ABE000FFE7FFE79DF804004006002810D5FFE7C7
:10ABF0009DF808004006002809D5FFE70398016882
:10AC00006FF040000861039800F00EFAFFE7FFE7DD
:10AC10009DF804008006002810D5FFE79DF8080085
:10AC20008006002809D5FFE7039801686FF020002F
:10AC300008610398FFF7E0FBFFE7FFE704B080BD82
:10AC400080B588B00790002006900590049003908E
:10AC500002900798006840F20041C4F20001884267
:10AC60001ED1FFE7FFE744F2E040C5F602000168AD
:10AC700041F002010160006800F0020001900198BB
:10AC8000FFE70220029003900021049105910690B5
:10AC900040F20040C5F6020002A9FBF765FBFFE7A2
:10ACA00008B080BD0000000081B0009001B0704786
:10ACB00080B586B004900391029200208DF80700C1
:10ACC000FFE7049890F83C00012804D1FFE7022038
:10ACD0008DF81700C0E00499012081F83C00FFE7DF
:10ACE000FFE702980090142800F2A7800099DFE89F
:10ACF00001F00BA4A4A424A4A4A43EA4A4A457A437
:10AD0000A4A471A4A4A48A0004980068039903F081
:10AD1000FFF904980168886940F008008861049888
:10AD20000168886920F0040088610398026904982A
:10AD3000016888691043886183E00498006803997A
:10AD400003F08EFA04980168886940F40060886115
:10AD500004980168886920F480608861039802691A
:10AD600004980168886940EA0220886169E00498D3
:10AD70000068039903F02CFB04980168C86940F04F
:10AD80000800C86104980168C86920F00400C8611F
:10AD90000398026904980168C8691043C86150E0CB
:10ADA00004980068039903F0CBFB04980168C86914
:10ADB00040F40060C86104980168C86920F48060AC
:10ADC000C8610398026904980168C86940EA0220D2
:10ADD000C86136E004980068039903F021FC0498E8
:10ADE0000168486D40F00800486504980168486DA6
:10ADF00020F0040048650398026904980168486DD2
:10AE0000104348651DE004980068039903F070FC46
:10AE100004980168486D40F4006048650498016832
:10AE2000486D20F4806048650398026904980168C1
:10AE3000486D40EA0220486503E001208DF80700D4
:10AE4000FFE7FFE70499002081F83C00FFE79DF849
:10AE500007008DF81700FFE79DF8170006B080BDCA
:10AE600080B582B00090009820B9FFE701208DF8EE
:10AE7000070045E0009890F83D0040B9FFE70099D1
:10AE8000002081F83C00009800F03EF8FFE70099B0
:10AE9000022081F83D00009951F8040B02F088FF70
:10AEA0000099012081F84800FFE70099012081F80E
:10AEB0003E00009981F83F00009981F84000009918
:10AEC00081F84100009981F84200009981F843001F
:10AED000FFE7FFE70099012081F84400009981F81D
:10AEE0004500009981F84600009981F84700FFE786
:10AEF0000099012081F83D0000208DF80700FFE750
:10AF00009DF8070002B080BD81B0009001B070478D
:10AF100081B0009001B0704780B582B00190019877
:10AF200000680021C4F20101884207D1FFE740F622
:10AF30009850C2F200404068804773E00198006872
:10AF4000B0F1804F07D1FFE740F6A050C2F20040B9
:10AF50004068804765E00198006840F20041C4F213
:10AF60000001884207D1FFE740F6A850C2F2004036
:10AF70004068804754E00198006840F60001C4F240
:10AF80000001884207D1FFE740F6B050C2F200400E
:10AF90004068804743E00198006840F60041C4F2F1
:10AFA0000001884207D1FFE740F6B850C2F20040E6
:10AFB0004068804732E00198006841F20001C4F225
:10AFC0000001884207D1FFE740F6C050C2F20040BE
:10AFD0004068804721E00198006841F20041C4F2D6
:10AFE0000001884207D1FFE740F6C850C2F2004096
:10AFF0004068804710E00198006840F20041C4F2C8
:10B000000101884207D1FFE740F6D050C2F200406C
:10B0100040688047FFE7FFE7FFE7FFE7FFE7FFE75D
:10B02000FFE7FFE702B080BD81B0009001B070473C
:10B0300083B00190FFE7019890F88400012804D1C3
:10B04000FFE702208DF80B002CE00199012081F828
:10B050008400FFE7FFE701992420C1F888000198E8
:10B0600000680068009001980168086820F00100FD
:10B070000860009820F00050009001990020486678
:10B08000009801990968086001992020C1F888009A
:10B09000FFE70199002081F88400FFE700208DF888
:10B0A0000B00FFE79DF80B0003B0704700000000A5
:10B0B00080B586B004900391ADF80A200498D0F8CA
:10B0C0008C00202844D1FFE7039820B1FFE7BDF8AA
:10B0D0000A0020B9FFE701208DF817003CE0049931
:10B0E0000120C86604990020086704980399BDF8F8
:10B0F0000A2005F08DF88DF809009DF8090010BBB5
:10B10000FFE70498C06E012818D1FFE70498016892
:10B1100010200862FFE7FFE70498006850E8000F7E
:10B1200040F010000190FFE701990498026842E89E
:10B1300000100028F0D1FFE7FFE703E001208DF8C1
:10B140000900FFE7FFE79DF809008DF8170003E00D
:10B1500002208DF81700FFE79DF8170006B080BDAC
:10B1600080B586B00590ADF812100598006841F2E0
:10B170000001C4F20101884211D1FFE7BDF81200BD
:10B1800040F6E861C2F20041A1F808010598B1F863
:10B1900004215200843192B2FFF78AFF92E30598AE
:10B1A000006844F20041C4F20001884240F0E480AB
:10B1B000FFE7BDF8120040F6F871C2F20041A1F8B5
:10B1C0000801B1F80801B1F8041188420BDCFFE76F
:10B1D00040F6F870C2F20040D0F80C21BDF8121011
:10B1E00084309047FFE7059840F6F871C2F20041BD
:10B1F000B1F804218431FFF75BFF0598D0F8800097
:10B2000000681021C4F20201884200F0A280FFE72A
:10B210000598D0F8800000682821C4F20201884215
:10B2200000F09780FFE70598D0F880000068402183
:10B23000C4F20201884200F08C80FFE70598D0F844
:10B24000800000685821C4F20201884200F0818029
:10B25000FFE70598D0F8800000687021C4F2020171
:10B26000884276D0FFE70598D0F8800000688821F2
:10B27000C4F2020188426CD0FFE70598D0F8800044
:10B280000068A021C4F20201884262D0FFE705985D
:10B29000D0F880000068B821C4F20201884258D07A
:10B2A000FFE70598D0F88000006840F21041C4F232
:10B2B000020188424DD0FFE70598D0F88000006871
:10B2C00040F22841C4F20201884242D0FFE70598CB
:10B2D000D0F88000006840F24041C4F20201884288
:10B2E00037D0FFE70598D0F88000006840F2584159
:10B2F000C4F2020188422CD0FFE70598D0F8800004
:10B30000006840F27041C4F20201884221D0FFE798
:10B310000598D0F88000006840F28841C4F202012C
:10B32000884216D0FFE70598D0F88000006840F208
:10B33000A041C4F2020188420BD0FFE70598D0F883
:10B340008000006840F2B841C4F20201884209D18D
:10B35000FFE70598D0F880000168086820F0080031
:10B36000086008E00598D0F880000168086820F0BF
:10B3700004000860FFE7A4E20598006844F60001B5
:10B38000C4F20001884240F0E480FFE7BDF81200FB
:10B3900041F20811C2F20041A1F80801B1F8080118
:10B3A000B1F8041188420BDCFFE741F20810C2F249
:10B3B0000040D0F80C21BDF8121084309047FFE710
:10B3C000059841F20811C2F20041B1F8042184311C
:10B3D000FFF76EFE0598D0F8800000681021C4F2D7
:10B3E0000201884200F0A280FFE70598D0F88000B3
:10B3F00000682821C4F20201884200F09780FFE72C
:10B400000598D0F8800000684021C4F2020188420B
:10B4100000F08C80FFE70598D0F880000068582184
:10B42000C4F20201884200F08180FFE70598D0F85D
:10B43000800000687021C4F20201884276D0FFE7E4
:10B440000598D0F8800000688821C4F20201884283
:10B450006CD0FFE70598D0F880000068A021C4F206
:10B460000201884262D0FFE70598D0F880000068AA
:10B47000B821C4F20201884258D0FFE70598D0F8FD
:10B480008000006840F21041C4F2020188424DD0B1
:10B49000FFE70598D0F88000006840F22841C4F228
:10B4A0000201884242D0FFE70598D0F8800000688A
:10B4B00040F24041C4F20201884237D0FFE70598CC
:10B4C000D0F88000006840F25841C4F2020188427E
:10B4D0002CD0FFE70598D0F88000006840F270415A
:10B4E000C4F20201884221D0FFE70598D0F880001D
:10B4F000006840F28841C4F20201884216D0FFE79A
:10B500000598D0F88000006840F2A041C4F2020122
:10B5100088420BD0FFE70598D0F88000006840F221
:10B52000B841C4F20201884209D1FFE70598D0F87A
:10B5300080000168086820F00800086008E00598AD
:10B54000D0F880000168086820F004000860FFE778
:10B55000B6E10598006845F20001C4F20001884296
:10B5600040F0F980FFE7BDF8120041F21821C2F265
:10B570000041A1F80801B1F80801B1F804118842AE
:10B580000BDCFFE741F21820C2F20040D0F80C219A
:10B59000BDF8121084309047FFE7059841F218215A
:10B5A000C2F20041B1F804215200843192B2FFF797
:10B5B0007FFD43F20830C2F2004000681021C4F25F
:10B5C0000201884200F0B280FFE743F20830C2F285
:10B5D000004000682821C4F20201884200F0A680E1
:10B5E000FFE743F20830C2F2004000684021C4F295
:10B5F0000201884200F09A80FFE743F20830C2F26D
:10B60000004000685821C4F20201884200F08E8098
:10B61000FFE743F20830C2F2004000687021C4F234
:10B620000201884200F08280FFE743F20830C2F254
:10B63000004000688821C4F20201884276D0FFE70A
:10B6400043F20830C2F200400068A021C4F20201B7
:10B6500088426BD0FFE743F20830C2F20040006836
:10B66000B821C4F20201884260D0FFE743F20830FB
:10B67000C2F20040006840F21041C4F20201884268
:10B6800054D0FFE743F20830C2F20040006840F2B5
:10B690002841C4F20201884248D0FFE743F2083053
:10B6A000C2F20040006840F24041C4F20201884208
:10B6B0003CD0FFE743F20830C2F20040006840F29D
:10B6C0005841C4F20201884230D0FFE743F208300B
:10B6D000C2F20040006840F27041C4F202018842A8
:10B6E00024D0FFE743F20830C2F20040006840F285
:10B6F0008841C4F20201884218D0FFE743F20830C3
:10B70000C2F20040006840F2A041C4F20201884247
:10B710000CD0FFE743F20830C2F20040006840F26C
:10B72000B841C4F2020188420AD1FFE743F208306F
:10B73000C2F200400168086820F00800086009E0D3
:10B7400043F20830C2F200400168086820F00400AB
:10B750000860FFE7B3E00598006847F60001C4F20F
:10B760000001884223D1FFE7BDF8120041F22831E1
:10B77000C2F200410391A1F808010598B1F8042133
:10B780008431FFF795FC0399B1F80801B1F8041171
:10B7900088420BDCFFE741F22830C2F20040D0F8CB
:10B7A0000C21BDF8121084309047FFE786E0059821
:10B7B000006847F60041C4F20001884223D1FFE748
:10B7C000BDF8120041F23841C2F200410291A1F8E5
:10B7D00008010598B1F804218431FFF769FC02994A
:10B7E000B1F80801B1F8041188420BDCFFE741F21F
:10B7F0003840C2F20040D0F80C21BDF8121084305D
:10B800009047FFE759E00598006841F60001C4F24F
:10B810000101884223D1FFE7BDF8120041F24851EF
:10B82000C2F200410191A1F808010598B1F8042184
:10B830008431FFF73DFC0199B1F80801B1F804111A
:10B8400088420BDCFFE741F24850C2F20040D0F8DA
:10B850000C21BDF8121084309047FFE72CE00598CA
:10B86000006841F60041C4F20101884223D1FFE79C
:10B87000BDF8120040F6D851C2F200410091A1F883
:10B8800008010598B1F804218431FFF711FC0099F3
:10B89000B1F80801B1F8041188420BDCFFE740F66B
:10B8A000D850C2F20040D0F80C21BDF812108430FC
:10B8B0009047FFE7FFE7FFE7FFE7FFE7FFE7FFE767
:10B8C000FFE7FFE706B080BD81B0009001B0704790
:10B8D00080B584B002900191FFE7029890F884004F
:10B8E000012804D1FFE702208DF80F0032E0029911
:10B8F000012081F88400FFE7FFE702992420C1F8C6
:10B900008800029800680068009002980168086842
:10B9100020F00100086002980068806820F06060F4
:10B9200001990843029909688860029803F088F831
:10B93000009802990968086002992020C1F88800DF
:10B94000FFE70299002081F88400FFE700208DF8CE
:10B950000F00FFE79DF80F0004B080BD000000005D
:10B9600080B584B002900191FFE7029890F88400BE
:10B97000012804D1FFE702208DF80F0032E0029980
:10B98000012081F88400FFE7FFE702992420C1F835
:10B9900088000298006800680090029801680868B2
:10B9A00020F00100086002980068806820F0604084
:10B9B00001990843029909688860029803F040F8E9
:10B9C000009802990968086002992020C1F888004F
:10B9D000FFE70299002081F88400FFE700208DF83E
:10B9E0000F00FFE79DF80F0004B080BD00000000CD
:10B9F00081B0009001B0704781B0009001B07047F5
:10BA000081B000900098006845F20001C4F2000186
:10BA1000884201D1FFE7FFE701B070470000000056
:10BA200080B592B0119011980068C069109011987B
:10BA3000006800680F901198006880680E90109858
:10BA400040F60F0108400D900D98E0B9FFE79DF812
:10BA500040008006002815D5FFE79DF83C008006D1
:10BA6000002806D4FFE79DF83B00C006002809D552
:10BA7000FFE71198406F20B1FFE71198416F8847A9
:10BA8000FFE74AE3FFE70D98002800F00C81FFE78D
:10BA90000E980121C1F20001084209D1FFE70F9879
:10BAA00040F22011C0F20041084200F0FC80FFE7A4
:10BAB0009DF84000C00788B1FFE79DF83D00C00732
:10BAC00060B1FFE711980168012008621199D1F86F
:10BAD000900040F00100C1F89000FFE79DF84000A1
:10BAE0008007002811D5FFE79DF83800C00760B136
:10BAF000FFE711980168022008621199D1F89000BF
:10BB000040F00400C1F89000FFE79DF840004007B6
:10BB1000002811D5FFE79DF83800C00760B1FFE7A6
:10BB200011980168042008621199D1F8900040F042
:10BB30000200C1F89000FFE79DF8400000070028D0
:10BB400019D5FFE79DF83C008006002807D4FFE7E1
:10BB50000E980121C1F2000108420CD0FFE71198B4
:10BB60000168082008621199D1F8900040F008009F
:10BB7000C1F89000FFE79DF841000007002813D5A9
:10BB8000FFE79DF83F00400700280DD5FFE711981B
:10BB900001684FF4006008621199D1F8900040F0FC
:10BBA0002000C1F89000FFE71198D0F8900000281D
:10BBB00078D0FFE79DF840008006002815D5FFE704
:10BBC0009DF83C008006002806D4FFE79DF83B0066
:10BBD000C006002809D5FFE71198406F20B1FFE7A4
:10BBE0001198416F8847FFE7FFE71198D0F8900060
:10BBF0000C9011980068806800F04000402806D042
:10BC0000FFE79DF8300010F0280F42D0FFE71198B1
:10BC100003F0D6F91198006880684006002833D5F3
:10BC2000FFE7FFE7FFE71198006850E8020F20F0F8
:10BC300040000B90FFE70B991198026842E8021050
:10BC40000028F0D1FFE7FFE71198D0F88000B0B1ED
:10BC5000FFE71198D0F880104EF65950C0F600005A
:10BC600008651198D0F88000F6F7C6FB30B1FFE701
:10BC70001198D0F88000016D8847FFE703E0119824
:10BC8000FFF7BEFEFFE703E01198FFF7B9FEFFE7FD
:10BC900007E01198FFF7B4FE11990020C1F8900059
:10BCA000FFE7FFE739E21198C06E012840F0D68126
:10BCB000FFE79DF84000C006002840F1CF81FFE774
:10BCC0009DF83C00C006002840F1C881FFE71198AC
:10BCD00001681020086211980068806840060028FA
:10BCE00040F15A81FFE71198D0F8800000681021D8
:10BCF000C4F20201884200F0A280FFE71198D0F858
:10BD0000800000682821C4F20201884200F0978078
:10BD1000FFE71198D0F8800000684021C4F20201CA
:10BD2000884200F08C80FFE71198D0F8800000680E
:10BD30005821C4F20201884200F08180FFE7119887
:10BD4000D0F8800000687021C4F20201884276D0E9
:10BD5000FFE71198D0F8800000688821C4F2020142
:10BD600088426CD0FFE71198D0F880000068A021CD
:10BD7000C4F20201884262D0FFE71198D0F8800037
:10BD80000068B821C4F20201884258D0FFE7119838
:10BD9000D0F88000006840F21041C4F202018842ED
:10BDA0004DD0FFE71198D0F88000006840F228419C
:10BDB000C4F20201884242D0FFE71198D0F8800017
:10BDC000006840F24041C4F20201884237D0FFE7E8
:10BDD0001198D0F88000006840F25841C4F2020186
:10BDE00088422CD0FFE71198D0F88000006840F21C
:10BDF0007041C4F20201884221D0FFE71198D0F8C7
:10BE00008000006840F28841C4F20201884216D0E6
:10BE1000FFE71198D0F88000006840F2A041C4F21A
:10BE2000020188420BD0FFE71198D0F8800000682B
:10BE300040F2B841C4F20201884207D1FFE71198ED
:10BE4000D0F8800000684068019006E01198D0F8B2
:10BE50008000006840680190FFE70198ADF82A0073
:10BE6000BDF82A0000287BD0FFE7BDF82A00119911
:10BE7000B1F85C10884273DAFFE7BDF82A00119927
:10BE8000A1F85E001198D0F88000C069B0F5807FFD
:10BE900059D0FFE7FFE7FFE71198006850E8000F6F
:10BEA00020F480700990FFE709991198026842E830
:10BEB00000100028F0D1FFE7FFE7FFE7FFE7119848
:10BEC000006850E8020F20F001000890FFE7089991
:10BED0001198026842E802100028F0D1FFE7FFE75E
:10BEE000FFE7FFE71198006850E8020F20F04000DC
:10BEF0000790FFE707991198026842E802100028AE
:10BF0000F0D1FFE7FFE711992020C1F88C001199CB
:10BF10000020C866FFE7FFE71198006850E8000FAF
:10BF200020F010000690FFE706991198026842E899
:10BF300000100028F0D1FFE7FFE71198D0F880004B
:10BF4000F5F79EFDFFE71199022008671198B0F8F8
:10BF50005C10B0F85E20891A89B2FFF701F91AE087
:10BF6000BDF82A001199B1F85C10884212D1FFE7A0
:10BF70001198D0F88000C069B0F5807F09D1FFE743
:10BF80001199022008671198B0F85C10FFF7E8F8E3
:10BF9000FFE7FFE7FFE7C0E01199B1F85C00B1F8F7
:10BFA0005E10401AADF816001198B0F85E00002837
:10BFB00053D0FFE7BDF8160000284ED0FFE7FFE79B
:10BFC000FFE71198006850E8000F20F4907004908B
:10BFD000FFE704991198026842E800100028F0D1A8
:10BFE000FFE7FFE7FFE7FFE71198006850E8020F5F
:10BFF0004FF6FE71CEF6FF7108400390FFE70399FC
:10C000001198026842E802100028EDD1FFE7FFE72F
:10C0100011992020C1F88C0011990020C86611994F
:10C020004867FFE7FFE71198006850E8000F20F02D
:10C0300010000290FFE702991198026842E8001090
:10C040000028F0D1FFE7FFE7119902200867119857
:10C05000BDF81610FFF784F8FFE75EE09DF8420098
:10C06000C00600280FD5FFE79DF83A0040060028DB
:10C0700009D5FFE7119801684FF480100862119804
:10C08000FFF7BAFC49E09DF840000006002815D5EE
:10C09000FFE79DF83C000006002806D4FFE79DF866
:10C0A0003A000006002809D5FFE71198806F20B1FB
:10C0B000FFE71198816F8847FFE72EE09DF8400069
:10C0C000400600280AD5FFE79DF83C0040060028FE
:10C0D00004D5FFE7119802F0C3FF1EE09DF842006F
:10C0E000000600280AD5FFE79DF83F00400600281B
:10C0F00004D5FFE71198FFF77BFC0EE09DF84300A5
:10C10000C00750B1FFE79DF83F000006002804D5A6
:10C11000FFE71198FFF7D8FBFFE712B080BD0000E2
:10C1200080B582B00090009820B9FFE701208DF81B
:10C13000070046E00098806908B1FFE700E0FFE7EC
:10C140000098D0F8880040B9FFE70099002081F8F6
:10C150008400009800F03CF8FFE700992420C1F823
:10C16000880000980168086820F0010008600098C5
:10C17000806A20B1FFE7009802F0A6FCFFE7009874
:10C1800003F01EFB012804D1FFE701208DF8070012
:10C1900017E000980168486820F4904048600098D3
:10C1A0000168886820F02A008860009801680868A3
:10C1B00040F001000860009802F02AFD8DF80700A9
:10C1C000FFE79DF8070002B080BD000000000000FE
:10C1D00080B5DEB05D9000205C905B905A905990E5
:10C1E00058902AA8B821F4F794FA5D98006845F2AF
:10C1F0000001C4F20001884240F0BC80FFE700204B
:10C200002B9002212A9147902AA8FAF78DFE18B1A7
:10C21000FFE7F5F755FAFFE7FFE744F2E840C5F618
:10C220000200016841F480110160006800F4801090
:10C2300029902998FFE7FFE744F2E040C5F60200A5
:10C24000016841F004010160006800F004002890DA
:10C250002898FFE7FFE744F2E040C5F602000168D6
:10C2600041F008010160006800F00800279027985D
:10C27000FFE74FF480505890022019905990002009
:10C280001C905A905B9008201A905C9040F6000039
:10C29000C5F6020058A91B91FAF766F8199B1A987F
:10C2A0001B991C9A4FF0040CCDF860C159935A9217
:10C2B0005B925C9040F60040C5F60200FAF754F835
:10C2C0001C9943F20830C2F200401D90A022C4F233
:10C2D00002020260412242608160C1604FF48062CC
:10C2E000026141618161C16101624162F7F7C4FC91
:10C2F00018B1FFE7F5F7E4F9FFE7FFE75D9843F2D0
:10C300000831C2F20041C0F880105D988863FFE7F1
:10C3100043F28030C2F200401890B821C4F202010A
:10C32000016042214160402181600021C1604FF4E1
:10C330008062026141618161C16101624162F7F71E
:10C340009BFC18B1FFE7F5F7BBF9FFE7FFE75D9846
:10C3500043F28031C2F20041C1675D988863FFE714
:10C360003520179001210022FAF7BEFA1798FAF744
:10C37000AFFA83E25D98006847F60001C4F200015D
:10C38000884271D1FFE700202B9002212A9147902B
:10C390002AA8FAF7C9FD18B1FFE7F5F791F9FFE709
:10C3A000FFE744F2E840C5F60200016841F0804131
:10C3B0000160006800F0804026902698FFE7FFE7C4
:10C3C00044F2E040C5F60200016841F0100101604E
:10C3D000006800F0100025902598FFE74FF4C0702A
:10C3E000589002205990002015905A905B90072099
:10C3F0005C9041F20000C5F6020058A9F9F7B4FFBD
:10C40000159943F2F830C2F2004016908822C4F227
:10C41000020202604F2242608160C1604FF480627C
:10C420000261416181614FF48072C26101624162C7
:10C43000F7F722FC18B1FFE7F5F742F9FFE7FFE74E
:10C440005D9843F2F831C2F20041C0F880105D9867
:10C450008863FFE75220149001221146FAF744FA4C
:10C460001498FAF735FA08E25D98006844F2004142
:10C47000C4F20001884240F09E80FFE700202B902C
:10C4800002212A9147902AA8FAF74EFD18B1FFE73A
:10C49000F5F716F9FFE7FFE744F2E840C5F60200BA
:10C4A000016841F400310160006800F4003024901C
:10C4B0002498FFE7FFE744F2E040C5F60200016878
:10C4C00041F008010160006800F008002390239803
:10C4D000FFE77020589002205990002012905A9047
:10C4E00003205B9007205C9040F60040C5F60200F8
:10C4F00058A9F9F739FF129943F2E840C2F2004017
:10C50000139040F24042C4F2020202602B224260C9
:10C510008160C1604FF48062026141618161C161EB
:10C520004FF4003202624162F7F7A6FB18B1FFE751
:10C53000F5F7C6F8FFE7FFE75D9843F2E841C2F27E
:10C540000041C0F880105D988863FFE743F26050B7
:10C55000C2F20040119040F25841C4F20201016061
:10C560002C214160402181600021C1604FF4806234
:10C57000026141618161C1614FF400320262416236
:10C58000F7F77AFB18B1FFE7F5F79AF8FFE7FFE74F
:10C590005D9843F26051C2F20041C1675D988863C3
:10C5A000FFE72620109001210022FAF79DF910984C
:10C5B000FAF78EF960E15D98006844F60001C4F274
:10C5C0000001884240F0C580FFE700202B90022147
:10C5D0002A9147902AA8FAF7A7FC18B1FFE7F5F7C8
:10C5E0006FF8FFE7FFE744F2E840C5F60200016894
:10C5F00041F480210160006800F48020229022989C
:10C60000FFE7FFE744F2E040C5F60200016841F0B1
:10C6100002010160006800F0020021902198FFE70C
:10C62000FFE744F2E040C5F60200016841F008016E
:10C630000160006800F0080020902098FFE74FF4A8
:10C640008040589002200A90599000200E905A90F5
:10C6500003200B905B9007200C905C9040F2004010
:10C66000C5F6020058A90D91F9F77EFEDDF828C045
:10C670000B9A0C980D990E9B4FF4407ECDF860E11B
:10C68000CDF864C15A935B925C9040F60040C5F6C9
:10C690000200F9F769FE0E9943F2D850C2F2004049
:10C6A0000F901022C4F2020202602D2242608160CB
:10C6B000C1604FF48062026141618161C1614FF4E8
:10C6C000003202624162F7F7D7FA18B1FFE7F4F7D8
:10C6D000F7FFFFE7FFE75D9843F2D851C2F2004150
:10C6E000C0F880105D988863FFE743F25060C2F2A3
:10C6F000004009907021C4F2020101602E214160C6
:10C70000402181600021C1604FF48062026141617B
:10C710008161C1614FF4003202624162F7F7ACFA05
:10C7200018B1FFE7F4F7CCFFFFE7FFE75D9843F2AE
:10C730005061C2F20041C1675D988863FFE727201E
:10C74000089001210022FAF7CFF80898FAF7C0F80C
:10C7500091E05D98006841F60041C4F20101884211
:10C7600040F08880FFE700202B9001212A9148901B
:10C770002AA8FAF7D9FB18B1FFE7F4F7A1FFFFE702
:10C78000FFE744F2F040C5F60200016841F0800185
:10C790000160006800F080001F901F98FFE7FFE72E
:10C7A00044F2E040C5F60200016841F0100101606A
:10C7B000006800F010001E901E98FFE7042005900E
:10C7C0005890022102915991002106915A915B9152
:10C7D0005C9041F20000C5F60200039058A9049154
:10C7E000F9F7C2FD029B03980499069A4FF0080CD2
:10C7F000CDF860C159935A925B920B225C92F9F783
:10C80000B3FD059A069943F27040C2F200400790CA
:10C810005823C4F202030360762343608160C16041
:10C820004FF480630361416181614FF48073C361A0
:10C830000162426203228262C1620163F7F71CFA5D
:10C8400018B1FFE7F4F73CFFFFE7FFE75D9843F21D
:10C850007041C2F20041C0F880105D988863FFE724
:10C860009C20019000221146FAF73EF80198FAF751
:10C870002FF8FFE7FFE7FFE7FFE7FFE75EB080BDC8
:10C8800081B0009001B0704781B0009001B0704756
:10C8900080B586B004900391ADF80A200498D0F8D2
:10C8A0008800202870D1FFE7039820B1FFE7BDF88A
:10C8B0000A0020B9FFE701208DF8170068E003980F
:10C8C00004990865BDF80A000499A1F85400BDF860
:10C8D0000A000499A1F8560004990020C1F89000BC
:10C8E00004992120C1F888000498C06F88B3FFE73D
:10C8F0000498C16F4EF62970C0F60000C863049812
:10C90000C16F4EF6A970C0F6000008640498C16FAC
:10C910004EF67950C0F60000C8640498C16F00203C
:10C92000086504980268016DC06F2832BDF80A30AE
:10C93000F7F752FE60B1FFE704991020C1F89000AC
:10C9400004992020C1F8880001208DF817001FE00D
:10C95000FFE70498016840200862FFE7FFE70498BA
:10C96000006850E8020F40F080000190FFE7019955
:10C970000498026842E802100028F0D1FFE7FFE7C0
:10C9800000208DF8170003E002208DF81700FFE764
:10C990009DF8170006B080BD81B0009001B07047CF
:10C9A00081B0009001B07047FFE7FEE70000000093
:10C9B00080B58EB0FFE744F2D840C5F602000168AA
:10C9C00041F001010160006800F001000D900D9838
:10C9D000FFE7FFE744F2D840C5F60200016841F0E6
:10C9E00002010160006800F002000C900C98FFE763
:10C9F00038200090032100220A92F9F775FF009871
:10CA0000F9F766FF0A9A0B2001901146F9F76CFFBF
:10CA10000198F9F75DFF0A9A0C2002901146F9F788
:10CA200063FF0298F9F754FF0A9A0D20039011460C
:10CA3000F9F75AFF0398F9F74BFF0A9A0E20049072
:10CA40001146F9F751FF0498F9F742FF0A9A0F20AF
:10CA500005901146F9F748FF0598F9F739FF0A9A4A
:10CA6000102006901146F9F73FFF0698F9F730FFBE
:10CA70000A9A112007901146F9F736FF0798F9F73F
:10CA800027FF0A9A2F2008901146F9F72DFF0898E2
:10CA9000F9F71EFF0A9A3A2009901146F9F724FF88
:10CAA0000998F9F715FF0A9A3B200B901146F9F700
:10CAB0001BFF0B98F9F70CFF0EB080BD00000000C3
:10CAC00080B582B043F2C860C2F2004000904AF2E2
:10CAD0000001C4F200010160002201928260C26084
:10CAE00002744274012181744FF0030EC0F814E007
:10CAF0000A2383614FF01D0CC0F81CC00362C0F80C
:10CB000024E08362C0F82CC0036342638163C26384
:10CB10000C230364042141648264C164026541659D
:10CB20008265C265036642668166F8F7B1FF18B197
:10CB3000FFE7F4F7C5FDFFE702B080BD000000008D
:10CB400080B582B043F26870C2F2004000904AF2B1
:10CB50000041C4F200010160002201928260C260C3
:10CB600002744274012181744FF0030EC0F814E086
:10CB70000A2383614FF01D0CC0F81CC00362C0F88B
:10CB800024E08362C0F82CC0036340F25633436351
:10CB90008163C2630264042141640C238364C16421
:10CBA000026541658265C265036642668166F8F783
:10CBB0006FFF18B1FFE7F4F783FDFFE702B080BD18
:10CBC00080B582B043F60800C2F2004000904DF2FA
:10CBD0000041C4F200010160002201928260C26043
:10CBE00002744274012181744FF0030EC0F814E006
:10CBF0000A2383614FF01D0CC0F81CC00362C0F80B
:10CC000024E08362C0F82CC0036340F2AB6343634B
:10CC10008163C2630C230364042141648264C164A0
:10CC2000026541658265C265036642668166F8F702
:10CC30002FFF18B1FFE7F4F743FDFFE702B080BD17
:10CC400080B598B00020179016901590149013900E
:10CC5000FFE744F2E040C5F60200016841F0100130
:10CC60000160006800F0100012901298FFE7FFE7E3
:10CC700044F2E040C5F60200016841F004010160A1
:10CC8000006800F0040011901198FFE7FFE744F2FC
:10CC9000E040C5F60200016841F0800101600068D3
:10CCA00000F0800010901098FFE7FFE744F2E040AA
:10CCB000C5F60200016841F002010160006800F061
:10CCC00002000F900F98FFE7FFE744F2E040C5F63F
:10CCD0000200016841F008010160006800F00800EE
:10CCE0000E900E98FFE7FFE744F2E040C5F6020021
:10CCF000016841F001010160006800F001000D9041
:10CD00000D98FFE740F60000C5F60200019048F2DA
:10CD1000090101220792F9F70FFD079A41F200007D
:10CD2000C5F6020008904FF400410291F9F704FDA6
:10CD300040F20040C5F6020004904FF440610391B8
:10CD400000220B92F9F7F8FC0B9A40F60040C5F66A
:10CD5000020006904FF480610591F9F7EDFC01980F
:10CD6000029B079A0B99139314921591169113A98C
:10CD70000A91F9F7F9FA0198079A0A990923139386
:10CD800014921592022209921692F9F7EDFADDF843
:10CD900008C0079B08980A990B9ACDF84CC01493C9
:10CDA00015921692F9F7E0FADDF80CC00498079B8B
:10CDB0000A990B9ACDF84CC0149315921692F9F774
:10CDC000D3FADDF814C00698079B0A990B9ACDF8A0
:10CDD0004CC0149315921692F9F7C6FA079A089860
:10CDE0000A994FF4A05313934FF40413149315921C
:10CDF000F9F7BAFA099A0A990B984FF4C06313939A
:10CE0000149215901690072017900020C5F6020086
:10CE1000F9F7AAFA0B994FF00060FDF7CDFA0B9ADB
:10CE200028200C901146F9F75FFD0C98F9F750FD9A
:10CE300018B080BD0000000080B582B043F6A800A5
:10CE4000C2F20040009043F20001C4F2010101600F
:10CE50004FF4800141604FF4003181600721C160CF
:10CE60004FF0007101610021019141614FF080623A
:10CE700082614FF08052C261016241628162C1628F
:10CE80004FF0804242638163C16301644164816405
:10CE9000C164016541658165FCF7BAFB18B1FFE724
:10CEA000F4F70EFCFFE702B080BD000000000000B8
:10CEB00080B582B043F63010C2F20040009043F6D5
:10CEC0000001C4F2000101604FF4800141600021C3
:10CED000019181600722C2604FF0007202614FF041
:10CEE000807242614FF0806282614FF04052C261B5
:10CEF000016241628162C1624FF08042426381639C
:10CF0000C163016441648164C164016541658165F7
:10CF1000FCF77EFB18B1FFE7F4F7D2FBFFE702B0A6
:10CF200080BD00000000000080B590B0002101919C
:10CF30000F910E910D910C910B910A91099108910D
:10CF400007910691059104910391029143F6B8105F
:10CF5000C2F2004040F20042C4F200020260172216
:10CF60004260816042F20F72C26001618021816182
:10CF7000FDF706FB18B1FFE7F4F7A2FBFFE74FF45C
:10CF800080500C9043F6B810C2F200400CA9FDF797
:10CF900043FC18B1FFE7F4F793FBFFE743F6B81043
:10CFA000C2F20040FDF75CFF18B1FFE7F4F788FB21
:10CFB000FFE7002009900B9043F6B810C2F2004042
:10CFC00009A9FDF71DFA18B1FFE7F4F779FBFFE7B0
:10CFD00060200290002003900490069043F6B81061
:10CFE000C2F2004002A90C22FDF762FE18B1FFE771
:10CFF000F4F766FBFFE743F6B810C2F20040FDF716
:10D000001FFE10B080BD000080B588B000210091E7
:10D01000079106910591049103910291019143F6C4
:10D020000420C2F2004040F60002C4F20002026096
:10D03000EF22426081606322C26001618161FDF77D
:10D040009FFA18B1FFE7F4F73BFBFFE74FF480507E
:10D05000049043F60420C2F2004004A9FDF7DCFB73
:10D0600018B1FFE7F4F72CFBFFE7002001900390D5
:10D0700043F60420C2F2004001A9FDF7C1F918B13E
:10D08000FFE7F4F71DFBFFE708B080BD00000000DC
:10D0900080B588B000210091079106910591049117
:10D0A00003910291019143F65020C2F2004040F6F4
:10D0B0000042C4F200020260EF224260816040F24E
:10D0C000E732C26001618161FDF75AFA18B1FFE7EA
:10D0D000F4F7F6FAFFE74FF48050049043F650203F
:10D0E000C2F2004004A9FDF797FB18B1FFE7F4F77F
:10D0F000E7FAFFE700200190039043F65020C2F2C8
:10D10000004001A9FDF77CF918B1FFE7F4F7D8FA60
:10D11000FFE708B080BD000080B582B043F65840FC
:10D12000C2F20040009045F20001C4F2000101602B
:10D130004FF4E1314160002101918160C1600161E2
:10D140000C2242618161C161016241628162FEF72C
:10D15000E7FF18B1FFE7F4F7B3FAFFE743F65840EB
:10D16000C2F200400021FEF7FBFB18B1FFE7F4F725
:10D17000A7FAFFE743F65840C2F200400021FEF74D
:10D18000A7FB18B1FFE7F4F79BFAFFE743F6584017
:10D19000C2F20040FDF74CFF18B1FFE7F4F790FA38
:10D1A000FFE702B080BD000080B582B043F6EC40DE
:10D1B000C2F20040009047F60001C4F20001016095
:10D1C0004FF4E1314160002101918160C160016152
:10D1D0000C2242618161C161016241628162FEF79C
:10D1E0009FFF18B1FFE7F4F76BFAFFE743F6EC4057
:10D1F000C2F200400021FEF7B3FB18B1FFE7F4F7DD
:10D200005FFAFFE743F6EC40C2F200400021FEF770
:10D210005FFB18B1FFE7F4F753FAFFE743F6EC4082
:10D22000C2F20040FDF704FF18B1FFE7F4F748FA37
:10D23000FFE702B080BD000080B582B043F69C20BD
:10D24000C2F20040019041F60041C4F201010160C8
:10D250004FF4E131416000218160C16001610C2225
:10D2600042618161C16101624162102181624FF4BA
:10D270008051C163FEF754FF18B1FFE7F4F720FABD
:10D28000FFE743F69C20C2F200400021FEF768FB56
:10D2900018B1FFE7F4F714FAFFE743F69C20C2F257
:10D2A00000400021FEF714FB18B1FFE7F4F708FA7D
:10D2B000FFE743F69C20C2F20040FDF7B9FE18B12B
:10D2C000FFE7F4F7FDF9FFE702B080BD00000000C2
:10D2D00080B582B043F63030C2F20040009044F294
:10D2E0000041C4F20001016040F60011C0F23D01AE
:10D2F0004160002301938360C36003610C2141619D
:10D300008361C36103624362836219461A46FBF775
:10D3100033FF18B1FFE7F4F7D3F9FFE743F63030F6
:10D32000C2F200400021FEF71BFB18B1FFE7F4F743
:10D33000C7F9FFE743F63030C2F200400021FEF7A4
:10D34000C7FA18B1FFE7F4F7BBF9FFE743F630304F
:10D35000C2F20040FDF76CFE18B1FFE7F4F7B0F938
:10D36000FFE702B080BD000080B582B043F6C43054
:10D37000C2F20040009044F60001C4F200010160D6
:10D3800040F60011C0F23D0141600023019383602B
:10D39000C36003610C2141618361C3610362436225
:10D3A000836219461A46FBF7E7FE18B1FFE7F4F768
:10D3B00087F9FFE743F6C430C2F200400021FEF7D0
:10D3C000CFFA18B1FFE7F4F77BF9FFE743F6C43073
:10D3D000C2F200400021FEF77BFA18B1FFE7F4F734
:10D3E0006FF9FFE743F6C430C2F20040FDF720FEBC
:10D3F00018B1FFE7F4F764F9FFE702B080BD000061
:10D40000FFE7FEE700000000FFE7FEE70000000086
:10D4100088B0079006910592079800F007000490E5
:10D420000498C0F10700052803D3FFE7042001900A
:10D4300004E00498C0F107000190FFE70198039011
:10D4400004980430062803D8FFE70020009003E08A
:10D45000049803380090FFE700980290069803991B
:10D46000012202FA01F101390840029B9840059916
:10D470009A40013A1140084308B07047000000008C
:10D48000704700000000000080B586B00490039152
:10D4900000208DF8070044F22840C5F6020000681D
:10D4A00000F00300032804D1FFE701208DF81700E6
:10D4B000CBE044F20041C5F60201086820F080602C
:10D4C0000860F9F751F90290FFE744F20040C5F611
:10D4D0000200006800F000610020B0EBD16F0CD0BA
:10D4E000FFE7F9F741F90299401A032804D3FFE74F
:10D4F00003208DF81700A8E0E7E7FFE744F2284192
:10D50000C5F60201086820F47C30049A126840EAEB
:10D510000230086004994868D1F808C0CB680A69ED
:10D5200001386FF35F204FF60061CFF6FF7101EB1A
:10D530004C2189B208440021CFF6FF7101EB034171
:10D5400001F4FE0108444FF07F4101EB026101F05C
:10D55000FE41084444F23841C5F602010860FFE785
:10D5600044F22C41C5F602010091086820F0C00089
:10D57000049A526910430860086820F02000049A59
:10D58000926910430860086820F01000086044F2B7
:10D590003C42C5F6020210684FF6F8739843049BAC
:10D5A000DB6940EAC3001060086840F010000860C2
:10D5B000039848B9FFE744F22C41C5F60201086818
:10D5C00040F40020086016E00398012809D1FFE725
:10D5D00044F22C41C5F60201086840F4801008604E
:10D5E00008E044F22C41C5F60201086840F400103E
:10D5F0000860FFE7FFE744F20041C5F60201086852
:10D6000040F080600860F9F7AFF80290FFE744F25D
:10D610000040C5F60200006800F000610020B0EB99
:10D62000D16F0CD1FFE7F9F79FF80299401A032850
:10D6300004D3FFE703208DF8170006E0E7E7FFE7D4
:10D640009DF807008DF81700FFE79DF8170006B05A
:10D6500080BD00000000000080B586B004900391FA
:10D6600000208DF8070044F22840C5F6020000684B
:10D6700000F00300032804D1FFE701208DF8170014
:10D68000CBE044F20041C5F60201086820F080506A
:10D690000860F9F769F80290FFE744F20040C5F628
:10D6A0000200006800F000510020B0EB517F0CD068
:10D6B000FFE7F9F759F80299401A032804D3FFE766
:10D6C00003208DF81700A8E0E7E7FFE744F22841C0
:10D6D000C5F60201086820F07C70049A126840EADE
:10D6E0000250086004994868D1F808C0CB680A69FC
:10D6F00001386FF35F204FF60061CFF6FF7101EB49
:10D700004C2189B208440021CFF6FF7101EB03419F
:10D7100001F4FE0108444FF07F4101EB026101F08A
:10D72000FE41084444F24041C5F602010860FFE7AB
:10D7300044F22C41C5F602010091086820F44060D3
:10D74000049A526910430860086820F40070049A33
:10D75000926910430860086820F48070086044F201
:10D760004442C5F6020210684FF6F8739843049BD2
:10D77000DB6940EAC3001060086840F4807008600C
:10D78000039848B9FFE744F22C41C5F60201086846
:10D7900040F48000086016E00398012809D1FFE7F3
:10D7A00044F22C41C5F60201086840F4000008600C
:10D7B00008E044F22C41C5F60201086840F0807090
:10D7C0000860FFE7FFE744F20041C5F60201086880
:10D7D00040F080500860F8F7C7FF0290FFE744F27E
:10D7E0000040C5F60200006800F000510020B0EBD8
:10D7F000517F0CD1FFE7F8F7B7FF0299401A0328D1
:10D8000004D3FFE703208DF8170006E0E7E7FFE702
:10D810009DF807008DF81700FFE79DF8170006B088
:10D8200080BD00000000000080B543F6A800C2F2F1
:10D830000040FBF725FD80BD80B543F63010C2F2F5
:10D840000040FBF71DFD80BD82B00190019800688B
:10D850004069009001980168886940F0080088617B
:10D8600001980168886940F010008861019801689A
:10D87000086820F00100086001980168086940F21A
:10D880006F329043086101980168886820F4404035
:10D890008860019890F88100042815D0FFE79DF872
:10D8A0000000800600280ED5FFE70199D1F884001A
:10D8B00040F08000C1F8840001980168886940F058
:10D8C00020008861FFE7FFE7019890F881000328B6
:10D8D00015D0FFE79DF80000400600280ED5FFE7B1
:10D8E0000199D1F8840040F00400C1F88400019847
:10D8F0000168886940F040008861FFE7FFE79DF814
:10D900000100800700280ED5FFE70199D1F88400B7
:10D9100040F00100C1F8840001980168886940F472
:10D9200000708861FFE79DF80100C00770B1FFE754
:10D930000199D1F8840040F00800C1F884000198F2
:10D940000168886940F480708861FFE701990020D0
:10D95000A1F862000199A1F86A0002B070470000C6
:10D9600080B582B001900198806B009000990020F2
:10D97000A1F86A000099A1F862000099012081F8DD
:10D9800081000098FBF760FC02B080BD0000000041
:10D9900080B582B001900198806B00900198F5F7F6
:10D9A00083F8022812D0FFE70098FFF74DFF009997
:10D9B000D1F8840040F01000C1F8840000990120E3
:10D9C00081F881000098FBF73FFCFFE702B080BDC3
:10D9D00080B582B001900198806B00900098FCF7B0
:10D9E00053FC02B080BD000080B582B00190019868
:10D9F000806B0090009890F88100072813D0FFE713
:10DA00000098806FC069B0F5807F04D1FFE700986F
:10DA1000FCF71EFC06E000980168086940F0080069
:10DA20000861FFE7FFE702B080BD000000000000D2
:10DA300083B002900298C16B012000EB511001905D
:10DA40000298C0680130009000980730C00800902C
:10DA500000980199484303B070470000000000009F
:10DA600080B586B0049003910292049802F0F0FF12
:10DA70000190019818B1FFE7039820B9FFE7002053
:10DA80008DF817000EE00498019908600398019939
:10DA9000C1F8140102980199C1F8180101208DF80C
:10DAA0001700FFE79DF8170006B080BD00000000DA
:10DAB00080B586B0DDF820C0049003918DF80B206E
:10DAC0000193FFE704980068406903990840401AF1
:10DAD000B0FA80F040099DF80B10884214D1FFE79E
:10DAE000F8F742FE0899401A0199884204D3FFE7EB
:10DAF0000198013018B9FFE7019820B9FFE703202A
:10DB00008DF8170004E0DDE700208DF81700FFE72F
:10DB10009DF8170006B080BD7047000000000000AF
:10DB200080B582B0009000980138B0F1807F03D3B7
:10DB3000FFE70120019019E0009801384EF214012E
:10DB4000CEF2000108604FF0FF300F2109F040FFD6
:10DB50004EF21801CEF20001002008604EF21002D1
:10DB6000CEF20002072111600190FFE7019802B098
:10DB700080BD00000000000080B5F8F7FDFD80BD0D
:10DB800080B59EB00BA84C21F2F7C3FD0020019098
:10DB90000A900990089007900690059004900390D1
:10DBA0000220F8F7C1FEFFE70020029044F61800BB
:10DBB000C5F60200016821F440410160006800F4EC
:10DBC000404002900298FFE7FFE744F61800C5F6D0
:10DBD0000200006800F40050B0F5005F01D0FFE7DC
:10DBE000F3E709200B904FF480300C900121109145
:10DBF0000220149015901690282217921891042153
:10DC000019911A900C201B9000201C901D900BA8BD
:10DC1000FAF7A2FD18B1FFE7F3F752FDFFE73F2047
:10DC200003900321049100200590082006904020D5
:10DC3000079008904FF4806209920A9003A8FAF7BF
:10DC40006BF918B1FFE7F3F73BFDFFE71EB080BDAE
:10DC50004EF68851CEF20001086840F4700008606A
:10DC600042F20000C5F20020006800F00F00062814
:10DC70000AD8FFE742F20001C5F200210868072236
:10DC800062F303000860FFE744F20041C5F60201B9
:10DC9000086840F00100086044F21042C5F6020234
:10DCA0000020106008684EF67F52CEF6F622104033
:10DCB000086042F20000C5F20020006800F00F008A
:10DCC00008280AD3FFE742F20001C5F200210868E4
:10DCD000072262F303000860FFE744F21841C5F62B
:10DCE00002010020086044F21C41C5F602010860F0
:10DCF00044F22041C5F60201086044F22842C5F60C
:10DD0000020240F20021C0F20221116044F22C42D2
:10DD1000C5F602020021C0F2FF11116044F2304248
:10DD2000C5F6020240F28021C0F20111116044F2F6
:10DD30003442C5F60202106044F23842C5F60202CF
:10DD4000116044F23C42C5F60202106044F24042C7
:10DD5000C5F60202116044F24441C5F602010860B2
:10DD600044F20042C5F60202116821F480211160DC
:10DD700044F26041C5F60201086044F20001C5F2B8
:10DD8000002143F2D200086070470000000000004C
:10DD900080B543F60420C2F20040FCF729FE80BDA6
:10DDA00080B543F65020C2F20040FCF721FE80BD52
:10DDB00083B00290019102980068009002980021BF
:10DDC000C4F20101884225D0FFE70298B0F1804FEC
:10DDD00020D0FFE7029840F20041C4F200018842DF
:10DDE00018D0FFE7029840F60001C4F20001884213
:10DDF00010D0FFE7029840F60041C4F200018842CB
:10DE000008D0FFE7029840F20041C4F201018842C5
:10DE10000AD1FFE7009820F0700000900198416857
:10DE2000009808430090FFE702980021C4F2010126
:10DE300088424DD0FFE70298B0F1804F48D0FFE70D
:10DE4000029840F20041C4F20001884240D0FFE74E
:10DE5000029840F60001C4F20001884238D0FFE782
:10DE6000029840F60041C4F20001884230D0FFE73A
:10DE7000029840F20041C4F20101884228D0FFE735
:10DE8000029844F20001C4F20101884220D0FFE769
:10DE9000029844F20041C4F20101884218D0FFE721
:10DEA000029844F60001C4F20101884210D0FFE755
:10DEB00002984EF20001C4F20001884208D0FFE748
:10DEC00002984EF20041C4F2000188420AD1FFE7F5
:10DED000009820F4407000900198C16800980843B1
:10DEE0000090FFE7009820F08000019949690843FD
:10DEF0000090019880680299C862019800680299B0
:10DF0000886202980021C4F20101884220D0FFE714
:10DF1000029840F20041C4F20101884218D0FFE7A4
:10DF2000029844F20001C4F20101884210D0FFE7D8
:10DF3000029844F20041C4F20101884208D0FFE790
:10DF4000029844F60001C4F20101884205D1FFE7BE
:10DF50000198006902990863FFE70299086840F098
:10DF60000400086002990120486100980299086045
:10DF700003B070470000000085B004900391029246
:10DF80000193049880680090009820F47F400090EE
:10DF900003980299019A41EA02210143009808433B
:10DFA000009000980499886005B070470000000058
:10DFB00083B00290019102988068009000984FF61B
:10DFC0008F71CFF6CF7108400090019800990843F7
:10DFD00040F00700009000980299886003B07047F5
:10DFE00082B001900091019800680021C4F2010103
:10DFF000884209D1FFE7019840F69851C2F20041EA
:10E0000008600098486081E001980068B0F1804F96
:10E0100009D1FFE7019840F6A051C2F20041086023
:10E020000098486071E00198006840F20041C4F235
:10E030000001884209D1FFE7019840F6A851C2F2D9
:10E0400000410860009848605EE00198006840F672
:10E050000001C4F20001884209D1FFE7019840F6AF
:10E06000B051C2F200410860009848604BE001984E
:10E07000006840F60041C4F20001884209D1FFE780
:10E08000019840F6B851C2F200410860009848601B
:10E0900038E00198006841F20001C4F200018842B2
:10E0A00009D1FFE7019840F6C051C2F20041086073
:10E0B0000098486025E00198006841F20041C4F2F0
:10E0C0000001884209D1FFE7019840F6C851C2F229
:10E0D000004108600098486012E00198006840F232
:10E0E0000041C4F20101884209D1FFE7019840F6DE
:10E0F000D051C2F20041086000984860FFE7FFE796
:10E10000FFE7FFE7FFE7FFE7FFE7FFE702B0704742
:10E1100085B0049003910498006A01900499086AFC
:10E1200020F001000862049840680090049880691B
:10E13000029002984FF68F71CFF6FE710840029060
:10E14000029820F0030002900398016802980843A7
:10E150000290019820F002000190039881680198D4
:10E160000843019004980021C4F20101884220D0A4
:10E17000FFE7049840F20041C4F20101884218D040
:10E18000FFE7049844F20001C4F20101884210D074
:10E19000FFE7049844F20041C4F20101884208D02C
:10E1A000FFE7049844F60001C4F2010188420ED151
:10E1B000FFE7019820F0080001900398C1680198DA
:10E1C00008430190019820F004000190FFE70498B3
:10E1D0000021C4F20101884220D0FFE7049840F2F8
:10E1E0000041C4F20101884218D0FFE7049844F2CC
:10E1F0000001C4F20101884210D0FFE7049844F204
:10E200000041C4F20101884208D0FFE7049844F6B7
:10E210000001C4F20101884213D1FFE7009820F405
:10E2200080700090009820F400700090039841697D
:10E230000098084300900398816900980843009073
:10E24000FFE7009804994860029804998861039850
:10E2500040680499486301980499086205B07047C2
:10E2600085B0049003910498006A01900499086AAB
:10E2700020F01000086204984068009004988069BB
:10E280000290029848F6FF71CFF6FF6108400290B5
:10E29000029820F44070029003980168029840EAC6
:10E2A00001200290019820F02000019003988168DD
:10E2B000019840EA0110019004980021C4F2010184
:10E2C000884229D0FFE7049840F20041C4F20101DE
:10E2D000884221D0FFE7049844F20001C4F2010112
:10E2E000884203D1FFE70020B0B9FFE7049844F269
:10E2F0000041C4F20101884203D1FFE7002058B970
:10E30000FFE7049844F60001C4F20101884212D1EB
:10E31000FFE7012078B9FFE7019820F08000019025
:10E320000398C168019840EA01100190019820F01B
:10E3300040000190FFE704980021C4F201018842E7
:10E3400020D0FFE7049840F20041C4F20101884266
:10E3500018D0FFE7049844F20001C4F2010188429A
:10E3600010D0FFE7049844F20041C4F20101884252
:10E3700008D0FFE7049844F60001C4F20101884286
:10E3800015D1FFE7009820F480600090009820F4F9
:10E390000060009003984169009840EA8100009075
:10E3A00003988169009840EA81000090FFE7009897
:10E3B0000499486002980499886103984068049918
:10E3C000886301980499086205B070470000000056
:10E3D00085B0049003910498006A01900499086A3A
:10E3E00020F4807008620498406800900498C06926
:10E3F000029002984FF68F71CFF6FE71084002909E
:10E40000029820F0030002900398016802980843E4
:10E410000290019820F4007001900398816801989F
:10E4200040EA0120019004980021C4F201018842D1
:10E4300029D0FFE7049840F20041C4F2010188426C
:10E4400021D0FFE7049844F20001C4F201018842A0
:10E4500003D1FFE70020B0B9FFE7049844F2004180
:10E46000C4F20101884203D1FFE7002058B9FFE759
:10E47000049844F60001C4F20101884212D1FFE77A
:10E48000012078B9FFE7019820F40060019003981B
:10E49000C168019840EA01200190019820F4806051
:10E4A0000190FFE704980021C4F20101884220D0C6
:10E4B000FFE7049840F20041C4F20101884218D0FD
:10E4C000FFE7049844F20001C4F20101884210D031
:10E4D000FFE7049844F20041C4F20101884208D0E9
:10E4E000FFE7049844F60001C4F20101884215D107
:10E4F000FFE7009820F480500090009820F400502E
:10E50000009003984169009840EA01100090039838
:10E510008169009840EA01100090FFE70098049993
:10E52000486002980499C861039840680499C863D8
:10E5300001980499086205B07047000000000000CF
:10E5400085B0049003910498006A01900499086AC8
:10E5500020F4805008620498406800900498C069D4
:10E560000290029848F6FF71CFF6FF6108400290D2
:10E57000029820F44070029003980168029840EAE3
:10E5800001200290019820F40050019003988168C6
:10E59000019840EA0130019004980021C4F2010181
:10E5A000884220D0FFE7049840F20041C4F2010104
:10E5B000884218D0FFE7049844F20001C4F2010138
:10E5C000884210D0FFE7049844F20041C4F20101F0
:10E5D000884208D0FFE7049844F60001C4F2010124
:10E5E00088420BD1FFE7009820F480400090039808
:10E5F0004169009840EA81100090FFE70098049973
:10E60000486002980499C8610398406804990864B6
:10E6100001980499086205B07047000000000000EE
:10E6200085B0049003910498006A01900499086AE7
:10E6300020F4803008620498406800900498406D8F
:10E64000029002984FF68F71CFF6FE71084002904B
:10E6500003980168029808430290019820F4003062
:10E66000019003988168019840EA01400190049864
:10E670000021C4F20101884220D0FFE7049840F253
:10E680000041C4F20101884218D0FFE7049844F227
:10E690000001C4F20101884210D0FFE7049844F25F
:10E6A0000041C4F20101884208D0FFE7049844F613
:10E6B0000001C4F2010188420BD1FFE7009820F469
:10E6C0008030009003984169009840EA0120009052
:10E6D000FFE70098049948600298049948650398F8
:10E6E00040680499886501980499086205B07047EC
:10E6F00085B0049003910498006A01900499086A17
:10E7000020F4801008620498406800900498406DDE
:10E710000290029848F6FF71CFF6FF610840029020
:10E7200003980168029840EA01200290019820F4C1
:10E730000010019003988168019840EA015001900F
:10E7400004980021C4F20101884220D0FFE7049818
:10E7500040F20041C4F20101884218D0FFE704985A
:10E7600044F20001C4F20101884210D0FFE704988E
:10E7700044F20041C4F20101884208D0FFE7049846
:10E7800044F60001C4F2010188420BD1FFE7009872
:10E7900020F48020009003984169009840EA81208D
:10E7A0000090FFE700980499486002980499486532
:10E7B000039840680499C86501980499086205B0F7
:10E7C000704700000000000085B0049003910292A1
:10E7D0000498006A00900499086A20F00100086219
:10E7E000049880690190019820F0F000019002994E
:10E7F000019840EA01100190009820F00A00009072
:10E800000399009808430090019804998861009842
:10E810000499086205B0704785B004900391029294
:10E820000498006A00900499086A20F010000862B9
:10E83000049880690190019820F470400190029939
:10E84000019840EA01300190009820F0A00000906B
:10E850000399009840EA011000900198049988619A
:10E8600000980499086205B070470000000000009D
:10E8700080B584B04FF4F070F2F7C2FE02F028FBCE
:10E8800043F2C860C2F2004040F22971C0F60101B3
:10E89000F1F7CEFF43F26870C2F2004040F24171DE
:10E8A000C0F60101F1F7C4FF43F63030C2F2004078
:10E8B00040F6B101C0F601011022009200F024FCE4
:10E8C000009A43F6C430C2F2004040F6D101C0F6CF
:10E8D000010100F019FC43F6EC40C2F2004040F2A6
:10E8E000E161C0F601014022019200F00DFC019AA5
:10E8F00043F69C20C2F2004040F26171C0F6010173
:10E9000000F002FC43F60420C2F20040029040F600
:10E910004901C0F60101FFF763FB43F65020C2F244
:10E920000040039040F28971C0F60101FFF758FBE7
:10E9300041F20070C2F2004003F0EEFE0298FBF7D5
:10E94000D7FE0398FBF7D4FE04B080BD00000000A2
:10E9500080B590B041F2E460C2F20040006841F23C
:10E96000DC61C2F200410968884247D0FFE704A891
:10E970003021F1F7CEFE41F2DC60C2F200400068C7
:10E9800041F2E461C2F20041086000208DF80F00FE
:10E99000FFE79DF80F00052826D8FFE79DF80F1028
:10E9A00041F20070C2F20040019004F085FB019832
:10E9B0009DF80F2004A9029101EB820181ED000A6C
:10E9C0009DF80F1000F21C7004F076FB02989DF881
:10E9D0000F1000EB810080ED060AFFE79DF80F00A5
:10E9E00001308DF80F00D4E741F20070C2F2004010
:10E9F00000F5C85004A906F033F8FFE741F20070B3
:10EA0000C2F20040009000F5C85006F095F9009859
:10EA100000F56A6007F008FE10B080BD000000003D
:10EA200080B543F65840C2F20040FCF7F9FF80BDC4
:10EA300080B543F6EC40C2F20040FCF7F1FF80BD28
:10EA400082B001900198406E40B9FFE70199012022
:10EA5000A1F86A000199A1F8680032E010208DF851
:10EA600003008DF80200019800688068C0F34260DE
:10EA70008DF80100019800688068400F8DF8000053
:10EA80009DF802009DF8002048F25073C0F6010383
:10EA9000995C484348F24871C0F601018A5CB0FBBA
:10EAA000F2F0019AA2F86A009DF803009DF8012097
:10EAB0009B5C5843895CB0FBF1F00199A1F86800B8
:10EAC000FFE702B07047000081B00090009890F816
:10EAD0002800000700280BD5FFE700980068406871
:10EAE00020F40040009A1168926B10434860FFE7E1
:10EAF000009890F82800C00758B1FFE70098006818
:10EB0000406820F40030009A1168D26A10434860CF
:10EB1000FFE7009890F82800800700280BD5FFE752
:10EB200000980068406820F48030009A1168126BE9
:10EB300010434860FFE7009890F82800400700283D
:10EB40000BD5FFE700980068406820F48020009A09
:10EB50001168526B10434860FFE7009890F8280056
:10EB6000C00600280BD5FFE700980068806820F4F5
:10EB70008050009A1168D26B10438860FFE70098BC
:10EB800090F82800800600280BD5FFE70098006861
:10EB9000806820F40050009A1168126C104388605D
:10EBA000FFE7009890F82800400600281CD5FFE7F2
:10EBB00000980068406820F48010009A1168526C38
:10EBC000104348600098406CB0F5801F0BD1FFE700
:10EBD00000980068406820F4C000009A1168926CA8
:10EBE00010434860FFE7FFE7009890F82800000610
:10EBF00000280BD5FFE700980068406820F400204B
:10EC0000009A1168D26C10434860FFE701B070476A
:10EC100080B588B0069006990020C1F89000F7F7FB
:10EC2000A3FD0590069800680068000700282FD50E
:10EC3000FFE70698059B6A466FF07E4111604FF42E
:10EC40000011002201F07CFB08B3FFE7FFE7FFE7BC
:10EC50000698006850E8000F20F080000490FFE75D
:10EC600004990698026842E800100028F0D1FFE7F6
:10EC7000FFE706992020C1F88800FFE706990020E9
:10EC800081F88400FFE703208DF81F005FE0FFE7B5
:10EC90000698006800684007002842D5FFE70698FC
:10ECA000059B6A466FF07E4111604FF4800100229F
:10ECB00001F046FBA0B3FFE7FFE7FFE70698006817
:10ECC00050E8000F20F490700390FFE70399069836
:10ECD000026842E800100028F0D1FFE7FFE7FFE7F5
:10ECE000FFE70698006850E8020F20F0010002904C
:10ECF000FFE702990698026842E802100028F0D166
:10ED0000FFE7FFE706992020C1F88C00FFE706998E
:10ED1000002081F88400FFE703208DF81F0016E033
:10ED2000FFE706992020C1F888000699C1F88C00F9
:10ED300006990020C86606990867FFE70699002033
:10ED400081F88400FFE700208DF81F00FFE79DF8A1
:10ED50001F0008B080BD000080B582B0019001980E
:10ED6000806B009000990020A1F85E000098FCF7ED
:10ED700047FE02B080BD000080B584B003900398C8
:10ED8000806B02900298D0F8880001900298D0F829
:10ED90008C000090029800688068000600280CD55E
:10EDA000FFE70198212808D1FFE702990020A1F888
:10EDB0005600029800F078F9FFE702980068806832
:10EDC000400600280CD5FFE70098222808D1FFE76D
:10EDD00002990020A1F85E00029800F0F1F8FFE728
:10EDE0000299D1F8900040F01000C1F8900002980C
:10EDF000FCF706FE04B080BD80B586B0059005988E
:10EE0000806B04900598C069B0F5807F5BD0FFE708
:10EE100004990020A1F85E00FFE7FFE7049800686E
:10EE200050E8000F20F480700390FFE703990498E6
:10EE3000026842E800100028F0D1FFE7FFE7FFE793
:10EE4000FFE70498006850E8020F20F001000290EC
:10EE5000FFE702990498026842E802100028F0D106
:10EE6000FFE7FFE7FFE7FFE70498006850E8020FBD
:10EE700020F040000190FFE701990498026842E801
:10EE800002100028F0D1FFE7FFE704992020C1F825
:10EE90008C000498C06E012814D1FFE7FFE7FFE75C
:10EEA0000498006850E8000F20F010000090FFE781
:10EEB00000990498026842E800100028F0D1FFE7AA
:10EEC000FFE7FFE7FFE70499002008670498C06E9A
:10EED000012806D1FFE70498B0F85C10FCF740F970
:10EEE00003E00498FDF7CCFCFFE706B080BD00000E
:10EEF00080B582B001900198806B0090009901204C
:10EF000008670098C06E012807D1FFE70098B0F8A5
:10EF10005C104908FCF724F903E00098FDF7B4FC05
:10EF2000FFE702B080BD000080B584B00390039875
:10EF3000806B02900398C069B0F5807F2BD0FFE70B
:10EF400002990020A1F85600FFE7FFE70298006849
:10EF500050E8020F20F080000190FFE7019902982D
:10EF6000026842E802100028F0D1FFE7FFE7FFE760
:10EF7000FFE70298006850E8000F40F04000009062
:10EF8000FFE700990298026842E800100028F0D1DB
:10EF9000FFE7FFE703E00298FDF7FEFCFFE704B0A0
:10EFA00080BD00000000000080B582B00190019893
:10EFB000806B00900098FDF7F3FC02B080BD00006C
:10EFC00084B00390FFE7FFE70398006850E8000F64
:10EFD00020F490700290FFE702990398026842E8DB
:10EFE00000100028F0D1FFE7FFE7FFE7FFE70398F5
:10EFF000006850E8020F4FF6FE71CEF6FF71084030
:10F000000190FFE701990398026842E80210002886
:10F01000EDD1FFE7FFE70398C06E012814D1FFE7A9
:10F02000FFE7FFE70398006850E8000F20F01000AA
:10F030000090FFE700990398026842E8001000285A
:10F04000F0D1FFE7FFE7FFE703992020C1F88C002C
:10F0500003990020C8660399486704B07047000010
:10F0600080B582B00190FFE7FFE70198006850E8A3
:10F07000000F20F040000090FFE70099019802681F
:10F0800042E800100028F0D1FFE7FFE701992020B7
:10F09000C1F888000199002088670198FDF77CFC81
:10F0A00002B080BD0000000083B00290FFE7FFE7E0
:10F0B0000298006850E8000F20F0C0000190FFE7C0
:10F0C00001990298026842E800100028F0D1FFE799
:10F0D000FFE7FFE7FFE70298006850E8020F20F41F
:10F0E00000000090FFE700990298026842E80210D1
:10F0F0000028F0D1FFE7FFE702992020C1F888003F
:10F1000003B070470000000080B584B00390029106
:10F11000ADF806200398006841F20001C4F2010135
:10F12000884214D1FFE7039840F6E861C2F200413B
:10F1300008600298C1F80C01BDF80600A1F80401AE
:10F140000398B1F804218431FBF7B2FF23E303985D
:10F15000006844F20041C4F20001884240F0D380CC
:10F16000FFE7039840F6F871C2F200410860029888
:10F17000C1F80C01BDF80600A1F804010398B1F82C
:10F1800004218431FBF794FF0398D0F880000068D5
:10F190001021C4F20201884200F0A280FFE7039828
:10F1A000D0F8800000682821C4F20201884200F0F3
:10F1B0009780FFE70398D0F8800000684021C4F2F0
:10F1C0000201884200F08C80FFE70398D0F88000AD
:10F1D00000685821C4F20201884200F08180FFE7F4
:10F1E0000398D0F8800000687021C4F202018842C0
:10F1F00076D0FFE70398D0F8800000688821C4F239
:10F20000020188426CD0FFE70398D0F880000068C4
:10F21000A021C4F20201884262D0FFE70398D0F82F
:10F2200080000068B821C4F20201884258D0FFE78C
:10F230000398D0F88000006840F21041C4F2020147
:10F2400088424DD0FFE70398D0F88000006840F274
:10F250002841C4F20201884242D0FFE70398D0F867
:10F260008000006840F24041C4F20201884237D079
:10F27000FFE70398D0F88000006840F25841C4F2DC
:10F28000020188422CD0FFE70398D0F88000006884
:10F2900040F27041C4F20201884221D0FFE7039896
:10F2A000D0F88000006840F28841C4F20201884230
:10F2B00016D0FFE70398D0F88000006840F2A04124
:10F2C000C4F2020188420BD0FFE70398D0F8800017
:10F2D000006840F2B841C4F20201884209D1FFE758
:10F2E0000398D0F880000168086820F008000860E2
:10F2F00008E00398D0F880000168086820F0040056
:10F300000860FFE746E20398006844F60001C4F293
:10F310000001884240F0D380FFE7039841F20811D2
:10F32000C2F2004108600298C1F80C01BDF8060065
:10F33000A1F804010398B1F804218431FBF7B8FE69
:10F340000398D0F8800000681021C4F202018842BE
:10F3500000F0A280FFE70398D0F880000068282121
:10F36000C4F20201884200F09780FFE70398D0F8CA
:10F37000800000684021C4F20201884200F08C80C5
:10F38000FFE70398D0F8800000685821C4F202011A
:10F39000884200F08180FFE70398D0F88000006881
:10F3A0007021C4F20201884276D0FFE70398D0F8BA
:10F3B000800000688821C4F2020188426CD0FFE717
:10F3C0000398D0F880000068A021C4F202018842AE
:10F3D00062D0FFE70398D0F880000068B821C4F23B
:10F3E0000201884258D0FFE70398D0F880000068F7
:10F3F00040F21041C4F2020188424DD0FFE7039869
:10F40000D0F88000006840F22841C4F2020188422E
:10F4100042D0FFE70398D0F88000006840F24041F6
:10F42000C4F20201884237D0FFE70398D0F8800089
:10F43000006840F25841C4F2020188422CD0FFE734
:10F440000398D0F88000006840F27041C4F20201D5
:10F45000884221D0FFE70398D0F88000006840F28E
:10F460008841C4F20201884216D0FFE70398D0F821
:10F470008000006840F2A041C4F2020188420BD033
:10F48000FFE70398D0F88000006840F2B841C4F26A
:10F490000201884209D1FFE70398D0F88000016893
:10F4A000086820F00800086008E00398D0F88000A1
:10F4B0000168086820F004000860FFE769E103982C
:10F4C000006845F20001C4F20001884240F0E88083
:10F4D000FFE7039841F21821C2F200410860029848
:10F4E000C1F80C01BDF80600A1F804010398B1F8B9
:10F4F00004215200843192B2FBF7DAFD43F2083066
:10F50000C2F2004000681021C4F20201884200F0FB
:10F51000B280FFE743F20830C2F2004000682821C1
:10F52000C4F20201884200F0A680FFE743F20830EF
:10F53000C2F2004000684021C4F20201884200F09B
:10F540009A80FFE743F20830C2F200400068582179
:10F55000C4F20201884200F08E80FFE743F20830D7
:10F56000C2F2004000687021C4F20201884200F03B
:10F570008280FFE743F20830C2F200400068882131
:10F58000C4F20201884276D0FFE743F20830C2F2AB
:10F5900000400068A021C4F2020188426BD0FFE75E
:10F5A00043F20830C2F200400068B821C4F2020100
:10F5B000884260D0FFE743F20830C2F200400068A2
:10F5C00040F21041C4F20201884254D0FFE743F2F6
:10F5D0000830C2F20040006840F22841C4F2020143
:10F5E000884248D0FFE743F20830C2F2004000688A
:10F5F00040F24041C4F2020188423CD0FFE743F2AE
:10F600000830C2F20040006840F25841C4F20201E2
:10F61000884230D0FFE743F20830C2F20040006871
:10F6200040F27041C4F20201884224D0FFE743F265
:10F630000830C2F20040006840F28841C4F2020182
:10F64000884218D0FFE743F20830C2F20040006859
:10F6500040F2A041C4F2020188420CD0FFE743F21D
:10F660000830C2F20040006840F2B841C4F2020122
:10F6700088420AD1FFE743F20830C2F20040016835
:10F68000086820F00800086009E043F20830C2F280
:10F6900000400168086820F004000860FFE777E098
:10F6A0000398006847F60001C4F20001884214D1B3
:10F6B000FFE7039841F22831C2F200410860029846
:10F6C000C1F80C01BDF80600A1F804010398B1F8D7
:10F6D00004218431FBF7ECFC59E00398006847F6FD
:10F6E0000041C4F20001884214D1FFE7039841F2BF
:10F6F0003841C2F2004108600298C1F80C01BDF81F
:10F700000600A1F804010398B1F804218431FBF745
:10F71000CFFC3BE00398006841F60001C4F2010110
:10F72000884214D1FFE7039841F24851C2F20041E8
:10F7300008600298C1F80C01BDF80600A1F80401A8
:10F740000398B1F804218431FBF7B2FC1DE0039863
:10F75000006841F60041C4F20101884214D1FFE77C
:10F76000039840F6D851C2F2004108600298C1F8EF
:10F770000C01BDF80600A1F804010398B1F80421BA
:10F780008431FBF795FCFFE7FFE7FFE7FFE7FFE7C3
:10F79000FFE7FFE7FFE704B080BD000000000000C6
:10F7A00080B584B003900291ADF8062003980299C9
:10F7B000BDF80620FDF76CF804B080BD0000000025
:10F7C00080B59EB01D9000208DF867001D980068E0
:10F7D00040F60041C5F60001884201D1FFE700E094
:10F7E000FFE71D9988680B694A69C9691843104386
:10F7F00008431C901D980068006846F6F311CCF68B
:10F80000FF7108401C9908431D99096808601D98FC
:10F810000068406820F440501D9A1168D268104377
:10F8200048601D9880691C901D98006840F6004152
:10F83000C5F60001884206D0FFE71D98016A1C98B2
:10F8400008431C90FFE71D98006880684FF2FF4155
:10F85000C1F2FF1108401C9908431D99096888608E
:10F860001D980068C06A20F00F001D9A1168526A46
:10F870001043C862FFE71D98006841F20001C4F21E
:10F880000101884240F04180FFE744F25440C5F650
:10F890000200006800F038000146109128282FD897
:10F8A0001099DFE801F0152D2D2D2D2D2D2D192D61
:10F8B0002D2D2D2D2D2D1D2D2D2D2D2D2D2D212D94
:10F8C0002D2D2D2D2D2D252D2D2D2D2D2D2D2900A1
:10F8D00001208DF86D0017E004208DF86D0013E015
:10F8E00008208DF86D000FE010208DF86D000BE002
:10F8F00020208DF86D0007E040208DF86D0003E0BA
:10F9000080208DF86D00FFE76CE21D98006844F2DE
:10F910000041C4F2000188422ED1FFE744F2544076
:10F92000C5F60200006800F0070001460F910528A7
:10F930001DD80F99DFE801F003070B0F1317002004
:10F940008DF86D0017E004208DF86D0013E008209D
:10F950008DF86D000FE010208DF86D000BE0202079
:10F960008DF86D0007E040208DF86D0003E08020E9
:10F970008DF86D00FFE734E21D98006844F6000141
:10F98000C4F2000188422ED1FFE744F25440C5F68C
:10F990000200006800F0070001460E9105281DD8FE
:10F9A0000E99DFE801F003070B0F131700208DF805
:10F9B0006D0017E004208DF86D0013E008208DF82D
:10F9C0006D000FE010208DF86D000BE020208DF809
:10F9D0006D0007E040208DF86D0003E080208DF879
:10F9E0006D00FFE7FCE11D98006844F60041C4F299
:10F9F000000188422ED1FFE744F25440C5F60200D0
:10FA0000006800F0070001460D9105281DD80D99EA
:10FA1000DFE801F003070B0F131700208DF86D00CE
:10FA200017E004208DF86D0013E008208DF86D00BC
:10FA30000FE010208DF86D000BE020208DF86D0098
:10FA400007E040208DF86D0003E080208DF86D0008
:10FA5000FFE7C4E11D98006845F20001C4F200010F
:10FA600088422ED1FFE744F25440C5F602000068F8
:10FA700000F0070001460C9105281DD80C99DFE81D
:10FA800001F003070B0F131700208DF86D0017E02E
:10FA900004208DF86D0013E008208DF86D000FE054
:10FAA00010208DF86D000BE020208DF86D0007E030
:10FAB00040208DF86D0003E080208DF86D00FFE799
:10FAC0008CE11D98006841F20041C4F201018842B6
:10FAD00040F04180FFE744F25440C5F60200006860
:10FAE00000F0380001460B9128282FD80B99DFE849
:10FAF00001F0152D2D2D2D2D2D2D192D2D2D2D2DCB
:10FB00002D2D1D2D2D2D2D2D2D2D212D2D2D2D2D41
:10FB10002D2D252D2D2D2D2D2D2D290001208DF85C
:10FB20006D0017E004208DF86D0013E008208DF8BB
:10FB30006D000FE010208DF86D000BE020208DF897
:10FB40006D0007E040208DF86D0003E080208DF807
:10FB50006D00FFE741E11D98006847F60001C4F21F
:10FB6000000188422ED1FFE744F25440C5F602005E
:10FB7000006800F0070001460A9105281DD80A997F
:10FB8000DFE801F003070B0F131700208DF86D005D
:10FB900017E004208DF86D0013E008208DF86D004B
:10FBA0000FE010208DF86D000BE020208DF86D0027
:10FBB00007E040208DF86D0003E080208DF86D0097
:10FBC000FFE709E11D98006847F60041C4F2000113
:10FBD00088422ED1FFE744F25440C5F60200006887
:10FBE00000F007000146099105281DD80999DFE8B2
:10FBF00001F003070B0F131700208DF86D0017E0BD
:10FC000004208DF86D0013E008208DF86D000FE0E2
:10FC100010208DF86D000BE020208DF86D0007E0BE
:10FC200040208DF86D0003E080208DF86D00FFE727
:10FC3000D1E01D98006841F60001C4F2010188423C
:10FC400040F04180FFE744F25440C5F602000068EE
:10FC500000F038000146089128282FD80899DFE8DD
:10FC600001F0152D2D2D2D2D2D2D192D2D2D2D2D59
:10FC70002D2D1D2D2D2D2D2D2D2D212D2D2D2D2DD0
:10FC80002D2D252D2D2D2D2D2D2D290001208DF8EB
:10FC90006D0017E004208DF86D0013E008208DF84A
:10FCA0006D000FE010208DF86D000BE020208DF826
:10FCB0006D0007E040208DF86D0003E080208DF896
:10FCC0006D00FFE786E01D98006841F60041C4F230
:10FCD0000101884240F04180FFE744F25440C5F6FC
:10FCE0000200006800F038000146079128282FD84C
:10FCF0000799DFE801F0152D2D2D2D2D2D2D192D16
:10FD00002D2D2D2D2D2D1D2D2D2D2D2D2D2D212D3F
:10FD10002D2D2D2D2D2D252D2D2D2D2D2D2D29004C
:10FD200001208DF86D0017E004208DF86D0013E0C0
:10FD300008208DF86D000FE010208DF86D000BE0AD
:10FD400020208DF86D0007E040208DF86D0003E065
:10FD500080208DF86D00FFE73BE01D98006840F6BD
:10FD60000041C5F6000188422ED1FFE744F2584019
:10FD7000C5F60200006800F007000146069105285C
:10FD80001DD80699DFE801F003070B0F13170220B7
:10FD90008DF86D0017E004208DF86D0013E0082049
:10FDA0008DF86D000FE010208DF86D000BE0202025
:10FDB0008DF86D0007E040208DF86D0003E0802095
:10FDC0008DF86D00FFE703E080208DF86D00FFE700
:10FDD000FFE7FFE7FFE7FFE7FFE7FFE7FFE7FFE7F3
:10FDE000FFE7FFE7FFE71D98006840F60041C5F612
:10FDF0000001884240F0B480FFE79DF86D000146A5
:10FE00000591022814D0FFE70598042814D0FFE7D5
:10FE10000598082816D0FFE70598102818D0FFE7A6
:10FE20000598202835D0FFE70598402837D03AE0DC
:10FE3000F6F7CEFD11903CE015A8F6F7DDFD16981B
:10FE4000119036E012A8F6F723FF1398119030E0D6
:10FE500044F20040C5F60200006800F020010020D6
:10FE6000B0EB511F0ED0FFE744F20040C5F6020090
:10FE70000068C0F3C10149F20000C0F2D030C840B0
:10FE8000119005E049F20000C0F2D0301190FFE778
:10FE90000FE040F60010C0F23D00119009E04FF471
:10FEA0000040119005E00020119001208DF86700BE
:10FEB000FFE71198002852D0FFE711981D994A6A70
:10FEC00048F25871C0F6010131F81210B0FBF1F0A0
:10FED000189018981D99496801EB4101884207D391
:10FEE000FFE718981D994968B0EB013F04D9FFE777
:10FEF00001208DF8670031E011981D994A6803923E
:10FF00004A6A48F25871C0F6010131F81220002304
:10FF100004931946F0F786FA039A049B090241EA12
:10FF20001061000210EB520041F10001F0F77AFA83
:10FF30001A901A98B0F5407F0BD3FFE71A9900206A
:10FF4000B0EB115F05D1FFE71A981D990968C860E9
:10FF500003E001208DF86700FFE7FFE7FFE746E1D8
:10FF60001D98C069B0F5004F40F0A880FFE79DF8EC
:10FF70006D0001460291402800F263800299DFE89B
:10FF800001F021256060296060602F606060606022
:10FF9000606035606060606060606060606060608C
:10FFA000606056606060606060606060606060605B
:10FFB0006060606060606060606060606060606041
:10FFC00060605C00F8F720FA119040E0F8F730FA32
:10FFD00011903CE015A8F6F70FFD1698119036E049
:10FFE00012A8F6F755FE1398119030E044F2004045
:10FFF000C5F60200006800F020010020B0EB511FA0
:020000040801F1
:100000000ED0FFE744F20040C5F602000068C0F3DE
:10001000C10149F20000C0F2D030C840119005E0A3
:1000200049F20000C0F2D0301190FFE70FE040F637
:100030000010C0F23D00119009E04FF40040119013
:1000400005E00020119001208DF86700FFE711986E
:1000500098B3FFE711981D9A5168536A48F2587295
:10006000C0F6010232F81320B0FBF2F0400000EBC2
:100070005100B0FBF1F01A901A98102818D3FFE73E
:10008000BDF86A00A0B9FFE71A9820F00F00ADF89C
:100090006E001A9800F00E01BDF86E0040EA5100A3
:1000A000ADF86E00BDF86E001D990968C86003E0E8
:1000B00001208DF86700FFE7FFE797E09DF86D00EE
:1000C00001460191402800F263800199DFE801F0C8
:1000D00021256060296060602F6060606060606002
:1000E000356060606060606060606060606060603B
:1000F000566060606060606060606060606060600A
:1001000060606060606060606060606060606060EF
:100110005C00F8F779F9119040E0F8F789F911904F
:100120003CE015A8F6F768FC1698119036E012A886
:10013000F6F7AEFD1398119030E044F20040C5F69A
:100140000200006800F020010020B0EB511F0ED02B
:10015000FFE744F20040C5F602000068C0F3C101A9
:1001600049F20000C0F2D030C840119005E049F2D9
:100170000000C0F2D0301190FFE70FE040F6001011
:10018000C0F23D00119009E04FF40040119005E0ED
:100190000020119001208DF86700FFE7119820B32F
:1001A000FFE711981D9A5168536A48F25872C0F6D9
:1001B000010232F81320B0FBF2F000EB5100B0FB6B
:1001C000F1F01A901A9810280AD3FFE7BDF86A00D8
:1001D00030B9FFE7BDF868001D990968C86003E001
:1001E00001208DF86700FFE7FFE7FFE7FFE71D99B4
:1001F0000120A1F86A001D99A1F868001D9900204E
:1002000048671D9988679DF867001EB080BD000093
:1002100080B588B006900591ADF812200598069932
:100220008865BDF812000699A1F85C0006990020C7
:10023000C1F8900006992220C1F88C000698D0F8E9
:100240008000B0B3FFE70698D0F880104EF6F95062
:10025000C0F60000C8630698D0F880104EF6F16032
:10026000C0F6000008640698D0F880104EF6795069
:10027000C0F60000C8640698D0F880100020086519
:1002800006980168826DD0F880002431BDF81230E4
:10029000F4F7A2F960B1FFE706991020C1F89000C9
:1002A00006992020C1F88C0001208DF81F0042E043
:1002B000FFE706980069A0B1FFE7FFE7FFE70698B0
:1002C000006850E8000F40F480700390FFE7039946
:1002D0000698026842E800100028F0D1FFE7FFE727
:1002E000FFE7FFE7FFE70698006850E8020F40F0DD
:1002F00001000290FFE702990698026842E80210A6
:100300000028F0D1FFE7FFE7FFE7FFE70698006866
:1003100050E8020F40F040000190FFE70199069875
:10032000026842E802100028F0D1FFE7FFE7002052
:100330008DF81F00FFE79DF81F0008B080BD00008A
:1003400080B586B0DDF820C0049003918DF80B20B5
:100350000193FFE704980068C06903990840401AB8
:10036000B0FA80F040099DF80B10884266D1FFE793
:1003700008980130002860D0FFE7F6F7F5F90199F9
:10038000401A0899884203D8FFE7089820B9FFE788
:1003900003208DF8170055E00498006800684007B6
:1003A000002849D5FFE70398802845D0FFE7039848
:1003B000402841D0FFE704980068C06900F00801B8
:1003C0000120B0EBD10F16D1FFE704980168082097
:1003D000009008620498FEF7F3FD00980499C1F8B4
:1003E0009000FFE70499002081F88400FFE70120D6
:1003F0008DF8170026E004980068C06900F40061D9
:100400000120B0EBD12F16D1FFE7049801684FF41B
:10041000006008620498FEF7D3FD04992020C1F81B
:100420009000FFE70499002081F88400FFE7032093
:100430008DF8170006E0FFE7FFE78BE700208DF857
:100440001700FFE79DF8170006B080BD0000000010
:1004500080B543F69C20C2F20040FBF7E1FA80BD74
:1004600080B543F63030C2F20040FBF7D9FA80BDC8
:1004700080B543F6C430C2F20040FBF7D1FA80BD2C
:10048000FFE7FEE70000000080B507F0F5FA80BD49
:1004900080B507F0E9FA80BD80B507F0DDFA80BDD0
:1004A00083B002908DED010ACDED000A029890ED27
:1004B000000A9DED011AB4EE410AF1EE10FA04DAD9
:1004C000FFE70198029908600FE0029890ED000A9A
:1004D0009DED001AB4EE410AF1EE10FA04DDFFE7DB
:1004E000009802990860FFE7FFE703B0704700003B
:1004F00085B004908DF80F1000200290049843F20C
:10050000C861C2F20041884240D1FFE79DF80F0068
:10051000013801460191072836D80199DFE801F03A
:10052000040A10161C22282E40F2A050C2F20040ED
:1005300002902AE040F2A850C2F20040029024E06B
:1005400040F2B050C2F2004002901EE040F2B850BB
:10055000C2F20040029018E040F2C050C2F20040E7
:10056000029012E040F2C850C2F2004002900CE04B
:1005700040F2D050C2F20040029006E040F2D85063
:10058000C2F20040029000E0FFE748E0049843F226
:100590006871C2F20041884240D1FFE79DF80F0028
:1005A000013801460091072836D80099DFE801F0AC
:1005B000040A10161C22282E40F21860C2F20040D5
:1005C00002902AE040F22060C2F20040029024E053
:1005D00040F22860C2F2004002901EE040F230601B
:1005E000C2F20040029018E040F23860C2F20040CF
:1005F000029012E040F24060C2F2004002900CE033
:1006000040F24860C2F20040029006E040F25060C2
:10061000C2F20040029000E0FFE7FFE7FFE7029828
:1006200005B070470000000087B08DED060ACDEDE3
:10063000050A8DED041A039002919DED060A9DEDC9
:10064000052A30EE420A9DED041A31EE421A80EE80
:10065000010A8DED010A9DED011A02990398091A0C
:1006600000EE101AB8EEC02A00EE100AB8EEC00A6A
:10067000A1EE020ABDEEC00A8DED000A009807B097
:10068000704700000000000087B0069005910492BA
:100690008DED030ACDED020A06980599401A00EE89
:1006A000100AB8EEC00A0498401A01EE100AB8EE1B
:1006B000C11A80EE010A8DED010A9DED011A9DED32
:1006C000022A9DED030A32EE402AA1EE020A8DEDC8
:1006D000000A9DED000A07B070470000000000000E
:1006E00080B584B00390ADF80A10BDF80A008128E7
:1006F00003DBFFE78020019003E0BDF80A000190D2
:10070000FFE7019941F2D860C2F2004001800399ED
:10071000028841F25860C2F20040EFF761FF04B076
:1007200080BD00000000000080B582B001900199FA
:1007300041F20070C2F2004002F056FB02B080BDF0
:1007400080B582B00190019941F20070C2F2004080
:1007500000F21C7002F048FB02B080BD00000000F7
:1007600080B582B00190ADF802100199BDF8022069
:1007700041F20070C2F2004000F6386000F05CFD0B
:1007800002B080BD0000000080B584B041F200706E
:10079000C2F20040039002F057FE039800F21C7072
:1007A00002F052FE41F2E160C2F2004001780131F4
:1007B0000170007864280EDBFFE741F2DC61C2F2D1
:1007C000004108680130086041F2E161C2F2004175
:1007D00000200870FFE741F2E060C2F200400178BB
:1007E00001310170007832281CDBFFE741F2007014
:1007F000C2F20040019002F04BFE019800F21C7022
:1008000002F046FE019800F63860029000F05CFDB0
:10081000029800F035FD41F2E061C2F20041002093
:100820000870FFE704B080BD83B002900298019089
:100830000298009001980178407840EA01200099E0
:10084000088003B07047000080B541F2E260C2F258
:100850000040007838B9FFE741F20070C2F2004072
:1008600002F082FD11E041F2E260C2F20040007845
:10087000022809D1FFE741F20070C2F2004000F205
:100880001C7002F071FDFFE7FFE741F2E260C2F287
:1008900000400178013101700078042807D3FFE798
:1008A00041F2E261C2F2004100200870FFE780BD22
:1008B00080B582B00190ADF802100199BDF8022018
:1008C00041F20070C2F2004002F00EFB02B080BDA7
:1008D00080B582B00190ADF802100199BDF80220F8
:1008E00041F20070C2F2004000F21C7002F0FCFA0B
:1008F00002B080BD0000000082B08DED010A9DEDC8
:10090000010AB5EE400AF1EE10FA05DDFFE79DEDB4
:10091000010A8DED000A06E09DED010AB1EE400AE4
:100920008DED000AFFE79DED000A02B07047000060
:1009300083B08DF807009DF807000146009102285A
:1009400004D0FFE70098032806D00BE043F2C8600C
:10095000C2F20040029008E043F26870C2F2004028
:10096000029002E000200290FFE7029803B0704777
:1009700082B08DF806008DF8051000208DF8040077
:100980009DF80500072804D3FFE700208DF8070035
:1009900058E09DF8060061280BDBFFE79DF8060094
:1009A0007A2806DCFFE79DF8060020388DF806005F
:1009B000FFE700208DF80300FFE79DF803004428BF
:1009C00031D8FFE79DF8031048F65310C0F6010038
:1009D000405C3F2805D1FFE79DF803008DF8040037
:1009E000FFE79DF8031048F65310C0F60100405C85
:1009F0009DF8061088420FD1FFE79DF80300C0EB79
:100A0000C00148F27070C0F6010008449DF805105E
:100A1000405C8DF8070015E0FFE79DF8030001300A
:100A20008DF80300C9E79DF80400C0EBC00148F24F
:100A30007070C0F6010008449DF80510405C8DF808
:100A40000700FFE79DF8070002B0704700000000B4
:100A500082B00090009818B9FFE7002001905CE098
:100A60000098006843F20001C4F20101884206D1F7
:100A7000FFE740F2F060C2F2004001904DE00098C4
:100A8000006843F60001C4F20001884206D1FFE786
:100A900040F60C00C2F2004001903EE00098006871
:100AA00043F60041C4F20001884206D1FFE740F658
:100AB0002810C2F2004001902FE00098006843F235
:100AC0000041C4F20101884206D1FFE740F644200C
:100AD000C2F20040019020E00098006845F2000159
:100AE000C4F20101884206D1FFE740F66030C2F24D
:100AF0000040019011E00098006841F20041C5F605
:100B00000001884206D1FFE740F67C40C2F2004077
:100B1000019002E000200190FFE7019802B07047C9
:100B200083B08DF807009DF807000146009120B1C1
:100B3000FFE70098012806D00BE040F6F870C2F2FB
:100B40000040029008E041F20810C2F2004002901A
:100B500002E000200290FFE7029803B07047000017
:100B600083B001900198C068082805D8FFE7019874
:100B7000C068ADF80A002DE00198C0680938014648
:100B80000091062822D80099DFE801F004080C1033
:100B900014181C000C20ADF80A001BE01020ADF862
:100BA0000A0017E01420ADF80A0013E01820ADF891
:100BB0000A000FE02020ADF80A000BE03020ADF86D
:100BC0000A0007E04020ADF80A0003E00020ADF87D
:100BD0000A00FFE7BDF80A0003B0704700000000FC
:100BE00080B582B00190019800F00EF800B202B01A
:100BF00080BD00000000000081B0009000980068F7
:100C000001B070470000000081B00090009800889B
:100C100001B070470000000080B582B00190ADF8CF
:100C200002100198BDF8021000F042F802B080BD39
:100C300083B0029001910198009000980299087089
:100C40000098000A02994870BDF802000299887065
:100C50009DF803000299C87003B0704700000000BF
:100C600080B582B08DED010A9DED010AFFF744FECB
:100C70009FED0C1A20EE010A8DED000A68469FEDEB
:100C80000A0ADFED0A0AFFF70BFC9DED000AB6EE3B
:100C9000001A30EE010ABDEEC00A10EE100A02B0D2
:100CA00080BD00BF00007A440000000000FF7F47C5
:100CB00082B00190ADF802109DF802000199087011
:100CC0009DF803000199487002B0704700000000D1
:100CD00080B584B08DED030ACDED020A9DED030AC7
:100CE0009DED021A20EE010A8DED010A01A89FED8B
:100CF000070ADFED070AFFF7D3FB9DED010ABDEE02
:100D0000C00A10EE100A04B080BD00BF000000C78A
:100D100000FEFF460000000080B586B08DED050A9C
:100D2000CDED040A059807F00FFB41EC100B8DED9B
:100D3000000B049807F008FB9DED001B41EC100B25
:100D400051EC110B53EC102B07F000FA41EC100B97
:100D50008DED020B029803999FED150B53EC102BB0
:100D600007F039FB50B9FFE74FF6FF70C4F2DF1010
:100D700003900020CFF6C070029011E00298039912
:100D80009FED0D0B53EC102B07F01EFB38B9FFE75E
:100D90000020CCF2E010039000200290FFE7FFE774
:100DA0000298039907F02AF906B080BD00BF00BF82
:100DB0000000C0FFFFFFDF41000000000000E0C1B5
:100DC00080B582B08DED010A01A89FED090ADFED23
:100DD000090AFFF765FB9DED010A9FED071A20EE5A
:100DE000010ABDEEC00A10EE100A02B080BD00BFBD
:100DF00000000000C1CACC410000A0440000000077
:100E000080B582B08DED010A9DED010AFFF774FDFA
:100E10008DED000A68469FED090ADFED090AFFF72C
:100E20003FFB9DED000AB6EE001A30EE010ABDEE62
:100E3000C00A10EE100A02B080BD00BF0000000022
:100E400000FF7F470000000084B00390ADF80A1057
:100E50000020ADF80800FFE7BDF80A00411EADF81C
:100E60000A1078B3FFE70398411C03910178BDF89D
:100E700008004840ADF8080000208DF80700FFE7A3
:100E80009DF8070007281CDCFFE7BDF80800C00735
:100E900040B1FFE7BDF8081048F2084080EA510071
:100EA000009004E0BDF8080040080090FFE70098BB
:100EB000ADF80800FFE79DF8070001308DF8070046
:100EC000DEE7C9E7BDF8080004B070470000000085
:100ED00080B584B0684601230393036043F2C86081
:100EE000C2F20040022102910022F4F7EDF80299CB
:100EF000039B6846036043F26870C2F200401A46E2
:100F0000F4F7E2F804B080BD83B002908DED010AE1
:100F1000CDED000A0299019888600098C860886841
:100F20000860C868486003B0704700000000000017
:100F300081B000900098002101614161816101B0A0
:100F4000704700000000000084B003900020029071
:100F50004FF6FF700190FFE702980199884215D281
:100F6000FFE702980199084401304008009000987A
:100F70000399B1FBF0F1884203D8FFE70098029093
:100F800003E0009801380190FFE7E5E7BDF80800AD
:100F900004B070470000000088B00390ADF80A105C
:100FA0000398002844D0FFE7BDF80A0000283FD08E
:100FB000FFE74EF61450CEF200000068C003002890
:100FC00036D5FFE7039820F01F0001900398BDF885
:100FD0000A1008441F3020F01F000090019900986B
:100FE000401A079106900698012820DBFFE7069833
:100FF000079901F01F010844059007980490BFF37A
:101000004F8FFFE704984EF66871CEF2000108603A
:101010000498203004900598203805900598002801
:10102000F0DCFFE7BFF34F8FBFF36F8FFFE7FFE702
:1010300008B070470000000083B002908DF80710E0
:1010400000208DF80600FFE702990020009091B182
:10105000FFE702989DF80610415C0020009051B116
:10106000FFE79DF806109DF8072000209142B8BFC9
:1010700001200090FFE70098C00730B1FFE79DF81E
:10108000060001308DF80600DEE79DF8060003B08B
:10109000704700000000000080B582B0019001F0B0
:1010A0002BFB0199052088710C20C8710120087262
:1010B0000620487241F20910C0F60100C86002B073
:1010C00080BD00000000000082B0ADF80600ADF861
:1010D0000410BDF80600BDF80410884207DBFFE7E6
:1010E000BDF80600BDF80410401A009006E0BDF8F7
:1010F0000400BDF80610401A0090FFE7009802B007
:10110000704700000000000080B582B08DF8060036
:101110008DF805109DF805000C2804D3FFE700208A
:101120008DF8070010E09DF806009DF80510C1EB52
:10113000C10145F25652C1F25552A1FB0221FFF7FF
:1011400017FC8DF80700FFE79DF8070002B080BD8F
:1011500080B584B003908DF80B1001920198009037
:10116000009808B9FFE713E09DF80B0028B9FFE7E6
:101170000098039904F050FB0AE09DF80B00012849
:1011800005D1FFE70098039904F02AFBFFE7FFE78A
:1011900004B080BD0000000085B004900391ADF85C
:1011A0000A204FF6FF70ADF808000020ADF80600E9
:1011B000FFE7BDF80600BDF80A10884235DAFFE700
:1011C0000398BDF80610415CBDF808004840ADF832
:1011D000080000208DF80500FFE79DF805000728AE
:1011E0001CDCFFE7BDF80800C00740B1FFE7BDF811
:1011F00008104AF2010080EA5100009004E0BDF8B6
:10120000080040080090FFE70098ADF80800FFE7ED
:101210009DF8050001308DF80500DEE7FFE7BDF819
:1012200006000130ADF80600C3E7BDF8080005B0C0
:10123000704700000000000080B586B00590049162
:10124000ADF80E2005990291886801308860BDF8DC
:101250000E001E2811D3FFE7029811300090049968
:101260001E220192EFF7BCF90099019A0298FFF74C
:1012700093FF0299A1F82F00FFE706B080BD0000A0
:1012800080B582B0019001980090006828B1FFE716
:1012900000980068006808B9FFE712E00099086844
:1012A000043031311E22EFF79BF900980268B0F844
:1012B0004F105184016851F8040B2022FEF770FA98
:1012C000FFE702B080BD000081B0009000998868FF
:1012D000CA68801A18BF012008748868C86001B005
:1012E000704700000000000084B0039002918DF868
:1012F0000720039800900298006841F20001C4F2B0
:101300000101884207D1FFE7009940F6E860C2F288
:101310000040086054E00298006845F20001C4F201
:101320000001884207D1FFE7009941F21820C2F27C
:101330000040086043E00298006847F60001C4F2EC
:101340000001884207D1FFE7009941F22830C2F23C
:101350000040086032E00298006847F60041C4F29D
:101360000001884207D1FFE7009941F23840C2F2FC
:101370000040086021E00298006841F60001C4F2D4
:101380000101884207D1FFE7009941F24850C2F2BB
:101390000040086010E00298006841F60041C4F285
:1013A0000101884207D1FFE7009940F6D850C2F208
:1013B00000400860FFE7FFE7FFE7FFE7FFE7FFE721
:1013C00000999DF80700087104B070470000000004
:1013D00081B00090009800210160A5220271816017
:1013E000C1600174A0F82D10C0F82910C0F82510B4
:1013F000C0F82110C0F81D10C0F81910C0F8151061
:10140000C0F81110A0F82F10A0F84D10C0F8491026
:10141000C0F84510C0F84110C0F83D10C0F83910B0
:10142000C0F83510C0F83110A0F84F1001B0704767
:1014300080B586B0059004918DF80F200598029034
:101440009DF80F00072803D3FFE70620019003E073
:101450009DF80F000190FFE7029801998DF80E109A
:1014600004999DF80E209200EFF7FFF806B080BDBA
:1014700084B003908DF80B10039801909DF80B0039
:1014800005280AD8FFE701989DF80B1000EB8100B2
:1014900090ED060A8DED000A04E09FED040A8DED43
:1014A000000AFFE79DED000A04B07047000000004D
:1014B00070B5ADF5207D9F909F98029040F2180185
:1014C000C2F200419E91016B4191416B4291806B50
:1014D000439000208DF80301FFE79DF803010528E4
:1014E00000F29581FFE702989E9B9DF803216C21F5
:1014F00012FB01320C323F929E9B9DF8032112FB9E
:1015000001323E929DF8032150F822003D909E9AB0
:101510009DF8030110FB012030303C909DED3D0A09
:1015200006F0F6FA8DED3B0A9DED3D0A06F098FBBC
:101530008DED3A0A9DED3B1AB7EE000A30EE410AF6
:101540008DED390A3C98006838903C984068379097
:101550003C98806836909DED390A9DED382A20EE42
:10156000021A9DED3B0AA1EE020A8DED2D0A9DEDBA
:10157000390A9DED381A20EE011A9DED372A9DEDAE
:101580003A0A9DED363A20EE030A91EE020A8DEDFD
:101590002E0A9DED390A9DED381A20EE011A9DEDB7
:1015A000362A9DED3A0A9DED373A20EE030AA1EE68
:1015B000020A8DED2F0A9DED390A9DED381A20EEB5
:1015C000011A9DED372A9DED3A0A9DED363A20EE3F
:1015D000030AA1EE020A8DED300A9DED390A9DED58
:1015E000372A20EE021A9DED3B0AA1EE020A8DED8C
:1015F000310A9DED390A9DED371A20EE011A9DED55
:10160000362A9DED3A0A9DED383A20EE030A91EE16
:10161000020A8DED320A9DED390A9DED381A20EE51
:10162000011A9DED362A9DED3A0A9DED373A20EEDE
:10163000030A91EE020A8DED330A9DED390A9DED04
:10164000371A20EE011A9DED362A9DED3A0A9DEDDE
:10165000383A20EE030AA1EE020A8DED340A9DED20
:10166000390A9DED362A20EE021A9DED3B0AA1EEC5
:10167000020A8DED350A00208DF88F00FFE79DF8F6
:101680008F0002283CDCFFE700208DF88E00FFE78A
:101690009DF88E0002282CDCFFE73F989DF88F1004
:1016A00001EB410200EB82039DF88E102DA800EBA8
:1016B000810093ED003A93ED010A93ED021A90ED4B
:1016C000004A90ED035A90ED062A20EE050AA3EE9B
:1016D000040AA1EE020A24A800EB820000EB8100BC
:1016E00080ED000AFFE79DF88E0001308DF88E0036
:1016F000CEE7FFE79DF88F0001308DF88F00BEE741
:101700009DF8030100EBC00668AD05EB8601019171
:10171000DDF8A0C0DDF8A4E0249C2598269A279B3C
:1017200045F82640C1F814E0C1F810C0CB608A60CB
:1017300048602A982B9A2C9B0B62CA6188619DF89D
:10174000030100EB400E0DF5AC7C0CEB8E013E9AD4
:101750001368506892684CF82E308A604860002008
:101760008DF87F00FFE79DF87F00022823DCFFE76C
:101770009DF87F1024A800EB810090ED003A90EDD9
:10178000030A90ED061A9DED414A9DED425A9DEDEA
:10179000432A20EE050AA3EE040AA1EE020A20A8BD
:1017A00000EB810080ED000AFFE79DF87F0001302B
:1017B0008DF87F00D7E79DED200A8DED410A9DF859
:1017C000030100EB400144A800EB810181ED000A18
:1017D0009DED210A8DED420A9DF8031101EB4101B7
:1017E00000EB810181ED010A9DED220A8DED430A96
:1017F0009DF8031101EB410100EB810080ED020A2D
:10180000FFE79DF8030101308DF8030165E6002034
:101810001E901D901C901B901A90199005208DF819
:101820006300FFE79DF96300002800F16F81FFE787
:101830009E9A9DF963006C2110FB0120406C17906B
:101840009E9A9DF9630010FB0120483016909DF987
:10185000630000EB400144A800EB810015909DED72
:10186000170A159890ED001A20EE010A8DED120A64
:101870009DED170A159890ED011A20EE010A8DEDE5
:10188000130A9DED170A159890ED021A20EE010A31
:101890008DED140A16989DED133A9DED142A90EDE6
:1018A000011A90ED020A20EE030A91EE020A8DED74
:1018B0000F0A169890ED000A90ED021A9DED122A7B
:1018C0009DED143A20EE030A91EE020A8DED100A06
:1018D00016989DED123A9DED132A90ED001A90EDA9
:1018E000010A20EE030A91EE020A8DED110A9DF91C
:1018F00063000130052800F2CE80FFE79DF8630009
:1019000001308DF83B0000208DF82B00FFE79DF89B
:101910002B0002282BDCFFE79DF83B0000EBC00109
:1019200068A800EB81009DF82B1001EB410200EB51
:10193000820090ED003A90ED010A90ED021A9DEDC3
:101940001C4A9DED1D5A9DED1E2A20EE050AA3EEB0
:10195000040AA1EE020A0BA800EB810080ED000A48
:10196000FFE79DF82B0001308DF82B00CFE700201A
:101970008DF81B00FFE79DF81B0002282BDCFFE71A
:101980009DF83B0000EBC00168A800EB81009DF8CA
:101990001B1001EB410200EB820090ED003A90ED4C
:1019A000010A90ED021A9DED194A9DED1A5A9DED1E
:1019B0001B2A20EE050AA3EE040AA1EE020A07A8DC
:1019C00000EB810080ED000AFFE79DF81B0001306D
:1019D0008DF81B00CFE79DF83B0000EB400156A8B7
:1019E00000EB810005909DED071A05989DED0C2AEE
:1019F0009DED0D4A90ED013A90ED020AA3EE041A16
:101A0000A0EE421A9DED0F0A30EE010A8DED0F0A8D
:101A10009DED081A059890ED000A90ED023A9DEDB3
:101A20000B4A9DED0D2AA3EE041AA0EE421A9DED7D
:101A3000100A30EE010A8DED100A9DED091A059885
:101A40009DED0B2A9DED0C4A90ED003A90ED010AB8
:101A5000A3EE041AA0EE421A9DED110A30EE010A1F
:101A60008DED110A9DED0B1A9DED120A30EE010A63
:101A70008DED120A9DED0C1A9DED130A30EE010A50
:101A80008DED130A9DED0D1A9DED140A30EE010A3D
:101A90008DED140AFFE702981299139A149B1E9376
:101AA0001D921C910F99109A119B1B931A921991D8
:101AB0009E9B9DF963106C2211FB02313031049121
:101AC00004999DED193A9DED1A0A9DED1B1A91EDB1
:101AD000004A91ED015A91ED022A20EE050AA3EE8B
:101AE000040AA1EE020A8DED030A9DED030AB1EE90
:101AF000400A9DF9631000EB810080ED060AFFE7C4
:101B00009DF8630001388DF863008BE60DF5207DAC
:101B100070BD00000000000081B00090009900201E
:101B200048610861C860886048600860C86288626F
:101B300048620862C8618861086348634FF2C35015
:101B4000CCF21C10886301B0704700000000000058
:101B500080B582B001900198FFF7AAFC02B080BD69
:101B600087B005900598029006900022014641F842
:101B7000182B043003910490FFE70499039A002086
:101B800041F8040B084691420490F6D1FFE7029910
:101B90000020886101F11C00303100910190FFE7C5
:101BA0000199009A002041F8040B084691420190E7
:101BB000F6D1FFE702990020086348634FF2C35053
:101BC000CCF21C108863069807B070470000000034
:101BD00081B00090009800210160818001B07047C1
:101BE00080B58AB00990089109980290089898B138
:101BF000FFE708984068B0F1804F0DD1FFE70298E9
:101C000008990968B0F8A400B0EB112F04D1FFE7E0
:101C10000898007808B1FFE7E5E00898FEF7A0FF14
:101C2000ADF81E00BDF81E0008B9FFE7DBE008981C
:101C300090F8280001460191272808D0FFE7019875
:101C4000352834D0FFE7019836286ED0CAE0BDF8B9
:101C50001E00042806D3FFE7089890F82B006B2895
:101C600001D0FFE7BFE00299089890F8292090F88A
:101C70002A0040EA0220ADF81C00BDF81C0000EE6E
:101C8000100AB8EE400A9FED5D1A80EE010A81ED60
:101C9000360A91ED311A91ED360A20EE010A81EDF6
:101CA000350AD1F8AC000130C1F8AC009BE0BDF8BA
:101CB0001E00052806D3FFE7089890F82C006B2833
:101CC00001D0FFE78FE0089890F82A1090F82B00D9
:101CD00040EA0120ADF81A00BDF81A0000EE100A23
:101CE000B8EE400A9FED431A20EE010A9FED421A1A
:101CF00020EE010A8DED050A089890F8290038B108
:101D0000FFE79DED050AB1EE400A8DED050AFFE7FC
:101D100002990598C1F8D000012081F8B500D1F8EA
:101D2000AC000130C1F8AC005DE0BDF81E00072832
:101D300006D3FFE7089890F82E006B2801D0FFE744
:101D400051E00898D0F82A0000BA04909DED040AEA
:101D5000B8EE400AB2EE041A80EE010A9FED231A93
:101D600020EE010A8DED030A089890F8290038B199
:101D7000FFE79DED030AB1EE400A8DED030AFFE790
:101D8000029890F8B40000B3FFE7029890F8B5000D
:101D9000D8B9FFE70298B0F8B600B0B1FFE70298F3
:101DA0009DED030A90ED331A30EE410AB0F8B610FB
:101DB00001EE101AB8EE411A9FED0D2A21EE021A1B
:101DC00080EE010A80ED340AFFE702990398C1F81A
:101DD000CC00012081F8B400D1F8AC000130C1F88A
:101DE000AC0000E0FFE70AB080BD00BF35FA8E3CD2
:101DF0006F12833ACDCCCC3D5077D63D00007A446B
:101E000080B58EB00C900B91ADF82A200C98029002
:101E1000D0F8A00070B1FFE70298D0F8A0000068E9
:101E200040B1FFE70B9828B1FFE7BDF82A00022870
:101E300004D8FFE701208DF837007CE002980B9969
:101E400009788DF829100B9949788DF828100B998D
:101E500002310991BDF82A100239ADF82210002193
:101E60000791BDF82210063144F62512C2F29242C3
:101E7000A1FB02210691D0F8A0000068F3F704FB53
:101E80000699884204D2FFE702208DF8370052E01D
:101E9000FFE7BDF82200002849D0FFE700200590A9
:101EA0000490BDF82200082803D3FFE70720019023
:101EB00003E0BDF822000190FFE70198ADF80E00A5
:101EC0009DF828008DF8100004A8009001300999B1
:101ED000BDF80E20EEF784FB009A0298D0F8A0001F
:101EE00000689DF82930079941EA0321BDF80E30BA
:101EF00001339BB2EEF790FD8DF80D009DF80D00BB
:101F000028B1FFE79DF80D008DF8370013E0BDF80C
:101F10000E10099808440990BDF80E10BDF8220073
:101F2000401AADF82200079801300790B1E7002071
:101F30008DF83700FFE79DF837000EB080BD000038
:101F400081B00090009890ED330A01B07047000016
:101F500081B00090009890ED340A01B07047000005
:101F600081B00090009890ED350A01B070470000F4
:101F700082B001908DED000A01990098C1F8DC0053
:101F800002B070470000000082B001908DED000AA1
:101F900001990098C1F8E00002B07047000000000D
:101FA00082B001908DED000A01990098C1F8E4001B
:101FB00002B070470000000080B582B0019000912F
:101FC00001980099FFF70CFE02B080BD00000000F0
:101FD00080B584B003908DF80B10039800909DF8A5
:101FE0000B0001460191272805D0FFE701983538FD
:101FF000012801D8FFE700E010E0009890F8A41055
:102000008DF808109DF80B108DF809106B218DF8D4
:102010000A1002A90322FFF7F3FEFFE704B080BD18
:1020200080B58AB007A9019101460198099180ED18
:10203000010A099802900021079190ED310A9FED65
:10204000341AB4EE410AF1EE10FA0BDDFFE7019805
:10205000029990ED010A91ED311A80EE010A80EDAE
:10206000000AFFE7019890ED000A00210091B5EE0B
:10207000400AF1EE10FAB8BF01218DF81B1090ED67
:10208000000AFEF739FC0199029881ED000AD0EDB3
:102090002F0A07A89FED1F0AFEF702FA029890ED9B
:1020A0003A0AFEF7ADFE01460198ADF8181090ED22
:1020B000000AFEF7D5FD009902460298ADF81620F9
:1020C00090F8A4208DF80D20F5228DF80E209DF8B3
:1020D0001B208DF80F209DF819208DF810209DF8F9
:1020E00018208DF811209DF817208DF812209DF8EA
:1020F00016208DF813208DF814106B218DF8151013
:102100000DF10D010922FFF77BFE0AB080BD00BF73
:10211000000000340000000080B584B003900398F4
:10212000019090F8A700012806D1FFE7019890EDF3
:102130003D0A8DED000A04E09FED070A8DED000ACF
:10214000FFE701989DED000A8DED020A9DED020A60
:10215000FFF766FF04B080BD000000000000000033
:1021600080B586B005908DF81310ADF81020059855
:1021700000909DF8130001460191272805D0FFE744
:1021800001983538012801D8FFE700E02FE00098DA
:1021900090F8A4108DF8091011218DF80A1018215B
:1021A0008DF80B109DF813108DF80C109DF8111080
:1021B0008DF80D109DF810108DF80E106B218DF814
:1021C0000F100DF109010722FFF71AFE8DF8080024
:1021D0009DF8080058B9FFE79DF81300362806D18E
:1021E000FFE70099BDF81000A1F8B600FFE706B0C0
:1021F00080BD00000000000080B584B003908DF821
:102200000B100398019090F8A7009DF80B108842DE
:1022100012D0FFE701989FED0C0A8DED000A04F043
:102220007FFC9DED000A0198503004F079FC019983
:102230000020C1F8F400FFE701999DF80B0081F838
:10224000A70004B080BD00BF000000000000000037
:1022500080B58AB009900998069090F8A81090F877
:10226000A900884216D0FFE706989FED630A8DED1E
:10227000050A04F055FC9DED050A0698503004F05F
:102280004FFC06990020C1F8F40091F8A80081F8ED
:10229000A900FFE7069890F8A70090B9FFE7069815
:1022A0009FED550A8DED040A04F03AFC9DED040AF9
:1022B0000698503004F034FC06990020C1F8F40070
:1022C00097E0069890F8A8000146039140B1FFE717
:1022D0000398012820D0FFE70398022834D079E042
:1022E000069890ED3B1A90ED332A90ED344A90ED2C
:1022F000370A90ED383A30EE422A90ED3C0A33EE40
:10230000443A20EE030AA1EE020A90ED391A30EEAB
:10231000010A80ED3D0A62E0069901F15000029049
:1023200091ED380A04F0F0FB0298069991ED340A19
:1023300004F09AFD029804F0FFFB029804F08CFD73
:10234000069880ED3D0A4AE0069890ED370A04F0C1
:10235000DBFB069890ED330A04F086FD069804F046
:10236000EBFB069804F078FD06988DED080A90EDD9
:10237000380AFEF7C1FA8DED070A9DED070A9FEDB9
:102380001F1AB4EE410AF1EE10FA05DCFFE70698D9
:10239000D0F8C0000790FFE7DDED070AB1EE600A54
:1023A00008A8FEF77DF80698503001909DED080AC8
:1023B00004F0AAFB0198069991ED340A04F054FD4B
:1023C000019804F0B9FB019804F046FD069880EDF1
:1023D0003D0A04E006990020C1F8F400FFE70699E1
:1023E00001F1F400D1ED2E0AB1EE600AFEF758F8C3
:1023F000FFE70AB080BD00BF00000000000000340D
:1024000082B0019001990091D1F8AC00D1F8B010E0
:10241000884205D1FFE70099002081F8A60004E07A
:102420000099012081F8A600FFE70099D1F8AC00DF
:10243000C1F8B00002B0704780B58AB00990089129
:10244000ADF81E208DF81D308DED060ACDED050A84
:102450008DED041A09980390089800684AF200016B
:10246000C4F20001884208D1FFE7039940F2E0502E
:10247000C2F20040C1F8A00016E0089800684AF2D5
:102480000041C4F20001884208D1FFE7039940F2FD
:102490005860C2F20040C1F8A00004E00399002097
:1024A000C1F8A000FFE7FFE70399BDF81E00A1F8FF
:1024B000A400002081F8A60081F8A7009DF81D2047
:1024C00081F8A8209DF81D2081F8A920C1F8AC0052
:1024D000C1F8B00081F8B40081F8B500A1F8B600E9
:1024E0009DED060AFEF708FA039880ED2E0A90ED9E
:1024F0002E0A9FED511AB4EE410AF1EE10FA08DCF3
:10250000FFE7039942F6F600C3F6DC60C1F8B800B5
:10251000FFE79DED050AFEF7EFF9039880ED2F0A1E
:1025200090ED2F0A9FED441AB4EE410AF1EE10FA35
:1025300006DCFFE703994FF08040C1F8BC00FFE7DD
:102540009DED040AFEF7D8F9039880ED300A90ED6E
:10255000300A9FED391AB4EE410AF1EE10FA08DCA8
:10256000FFE7039941F26340C4F29D30C1F8C00017
:10257000FFE7039890ED2E0A90ED2F1A80EE010AE6
:1025800080ED310AB0F8A410A0F8C8100021029123
:10259000C0F8CC10C0F8D010C0F8D410C0F8D810D3
:1025A000C0F8DC10C0F8E010C0F8E41044F20002FB
:1025B000C4F29C62C0F8E820C0F8EC10C0F8F0103B
:1025C000C0F8F410D0ED302ADFED1C4ACDED004A02
:1025D0009FED1B5A8DED015AB0EE450AF0EE450A0B
:1025E000B0EE451AF0EE451AB0EE452AB0EE453A87
:1025F000F0EE453AB0EE454A04F0F2FB039ADDED09
:10260000004A9DED015A029902F15000D2ED2E2AA6
:10261000B0EE450AF0EE450AB0EE451AF0EE451A66
:10262000B0EE452AB0EE453AF0EE453AB0EE454AF6
:1026300004F0D6FB0AB080BD000000346F12833A6C
:10264000000000000000000080B582B001900198F9
:10265000009004F015FC0098503004F011FC009834
:102660000021C0F8A0100122A0F8A42080F8A61034
:1026700080F8A71080F8A81080F8A910C0F8AC1056
:10268000C0F8B01080F8B41080F8B510A0F8B610FB
:1026900042F6F603C3F6DC63C0F8B8304FF080436F
:1026A000C0F8BC3041F26343C4F29D33C0F8C0307F
:1026B00042F6F603C3F65C63C0F8C430A0F8C82045
:1026C000C0F8CC10C0F8D010C0F8D410C0F8D810A2
:1026D000C0F8DC10C0F8E010C0F8E41044F20002CA
:1026E000C4F29C62C0F8E820C0F8EC10C0F8F0100A
:1026F000C0F8F41002B080BD81B0009000980021B5
:102700000160017141718171C17101724172C160D9
:1027100001B070470000000010B590B00F900F9806
:10272000049006A8039001F02FFA0498002101916B
:1027300000F0D2FE049800F21C700121029100F01A
:10274000CBFE049800F6386043F69C21C2F20041AB
:10275000A522FEF7C9FD019B0299039A049841F254
:10276000000CC5F6020CCDF818C04FF4004CADF8C3
:102770001CC040F6004CC5F6020CCDF820C04FF44A
:10278000806CADF824C040F2004EC5F6020ECDF8C4
:1027900028E04FF40064ADF82C40CDF830E0ADF8FF
:1027A00034C08DF838108DF839308DF83A1000F5B6
:1027B0006A60059043F6A801C2F2004103F04CFEA6
:1027C0000498059900F5C85002F0A6FA10B010BDA3
:1027D00080B582B001900198009001F0EDF800986A
:1027E00000F21C7001F0E8F8009800F63860FEF77F
:1027F000EFFD009800F56A6004F0EAF8009800F533
:10280000C85002F025FC009802B080BD0000000016
:1028100080B586B0059004918DF80F200598029040
:102820009DF80F00072803D3FFE70620019003E07F
:102830009DF80F000190FFE7029801998DF80E10A6
:1028400004999DF80E209200EDF70FFF06B080BDB1
:1028500081B000900099002048610861C8608860DC
:10286000486008600862C86188614FF07E50486225
:102870004863486401B0704780B5B8B03790379866
:10288000009040F2A020C2F2004036902DA82421F2
:10289000EDF73FFF4FF07E502D90319035900020A6
:1028A0002C902B902A908DF8A700FFE79DF8A700A9
:1028B000052800F2A581FFE70098369B9DF8A72028
:1028C0006C2112FB01320C322892369B9DF8A72016
:1028D00012FB013227929DF8A72050F82200269083
:1028E000369A9DF8A70010FB0120303025909DED11
:1028F000260A05F00DF98DED240A9DED260A05F056
:10290000AFF98DED230A9DED241AB7EE000A30EEE3
:10291000410A8DED220A259800682190259840688B
:102920002090259880681F909DED220A9DED212A18
:1029300020EE021A9DED240AA1EE020A8DED160A80
:102940009DED220A9DED211A20EE011A9DED202A0F
:102950009DED230A9DED1F3A20EE030A91EE020A37
:102960008DED170A9DED220A9DED211A20EE011A28
:102970009DED1F2A9DED230A9DED203A20EE030ACE
:10298000A1EE020A8DED180A9DED220A9DED211A95
:1029900020EE011A9DED202A9DED230A9DED1F3AA0
:1029A00020EE030AA1EE020A8DED190A9DED220A1E
:1029B0009DED202A20EE021A9DED240AA1EE020AC6
:1029C0008DED1A0A9DED220A9DED201A20EE011AC6
:1029D0009DED1F2A9DED230A9DED213A20EE030A6D
:1029E00091EE020A8DED1B0A9DED220A9DED211A42
:1029F00020EE011A9DED1F2A9DED230A9DED203A40
:102A000020EE030A91EE020A8DED1C0A9DED220ACA
:102A10009DED201A20EE011A9DED1F2A9DED230A3F
:102A20009DED213A20EE030AA1EE020A8DED1D0A6A
:102A30009DED220A9DED1F2A20EE021A9DED240A2B
:102A4000A1EE020A8DED1E0A00208DF85700FFE767
:102A50009DF8570002282ADCFFE79DF8571001EB8C
:102A600041022DA800EB8202279892ED003A92EDE8
:102A7000011A92ED020A90ED004A90ED015A90ED94
:102A8000022A21EE051AA3EE041AA0EE021A2AA8C1
:102A900000EB810090ED000A30EE010A80ED000AA3
:102AA000FFE79DF8570001308DF85700D0E7002070
:102AB0008DF82F00FFE79DF82F0002283EDCFFE78E
:102AC00000208DF82E00FFE79DF82E0002282EDC56
:102AD000FFE79DF82F0000EB40022DA800EB8203DA
:102AE00028989DF82E1001EB410C00EB8C0093ED23
:102AF000003A93ED010A93ED021A90ED004A90ED31
:102B0000015A90ED022A20EE050AA3EE040AA1EE76
:102B1000020A0CA800EB820000EB810080ED000AA5
:102B2000FFE79DF82E0001308DF82E00CCE7FFE77F
:102B30009DF82F0001308DF82F00BCE700208DF8A4
:102B40000700FFE79DF8070002283CDCFFE70020B4
:102B50008DF80600FFE79DF8060002282CDCFFE751
:102B60009DF8070000EB40020CA800EB82039DF8E3
:102B7000061016A800EB810093ED003A93ED010AD0
:102B800093ED021A90ED004A90ED035A90ED062A5B
:102B900020EE050AA3EE040AA1EE020A02A800EB49
:102BA000820000EB810080ED000AFFE79DF806003F
:102BB00001308DF80600CEE7FFE79DF807000130F1
:102BC0008DF80700BEE702980399049A059BDDF88B
:102BD00018C0DDF81CE0CDF8C8E0CDF8C4C03093D3
:102BE0002F922E912D90089809990A9A3592349136
:102BF0003390FFE79DF8A70001308DF8A70055E658
:102C000000992A9888612B98C8612C980862002046
:102C10008DF80500FFE79DF80500022827DCFFE797
:102C200000208DF80400FFE79DF80400022817DC5F
:102C3000FFE700999DF8050000EB40022DA800EB8E
:102C400082009DF8043050F823001A4401EB820101
:102C50004862FFE79DF8040001308DF80400E3E7C7
:102C6000FFE79DF8050001308DF80500D3E738B087
:102C700080BD000000000000B0B587B00590059849
:102C8000029006900022014641F8182B043003916F
:102C90000490FFE70499039A002041F8040B0846CA
:102CA00091420490F6D1FFE702990020886101F17A
:102CB0001C00243100910190FFE70199009A002047
:102CC00041F8040B084691420190F6D1FFE70299C2
:102CD00048F20453C0F6010318685A68D3F808C0D4
:102CE000D3F80CE01C695D698D634C63C1F830E07A
:102CF000C1F82CC08A6248629869DA691B6A4B6421
:102D00000A64C863069807B0B0BD00000000000068
:102D100080B586B005900599039101F5BA600290DF
:102D200001F5D1610622FFF773FD0298FFF7A4FDBC
:102D3000039890F8C005D8BBFFE7039901F5C3607D
:102D4000019001F5D1610622FEF772FB0198FEF7B2
:102D5000FFFE00208DF81300FFE79DF81300052803
:102D600025D8FFE703989DF8131000EB810202F5C8
:102D7000E06292ED000A8DED000A00F5C360FEF7F7
:102D800077FB0398B0EE401A9DED000A20EE010A91
:102D90009DF8131000EB810000F5DD6080ED000A66
:102DA000FFE79DF8130001308DF81300D5E718E018
:102DB00000208DF81200FFE79DF8120005280FD8BB
:102DC000FFE703989DF8121000EB81010020C1F885
:102DD000E806FFE79DF8120001308DF81200EBE7DE
:102DE000FFE706B080BD000080B584B0039002917B
:102DF00003980190029808B9FFE773E00298006811
:102E000088B9FFE70199029890F82800D1F8CC150D
:102E1000C988884207D1FFE70198483002992831D4
:102E200000F09EFF5EE00298006890B9FFE701990C
:102E3000029890F82800D1F8CC154989884208D129
:102E4000FFE7019800F5C8700299283100F088FF6B
:102E500047E002984068B0F1804F11D1FFE7019838
:102E600002990968D0F8CC05C089B0EB112F07D1C1
:102E7000FFE7019800F536700299FFF79DF82FE003
:102E800002984068B0F1804F11D1FFE70198029994
:102E90000968D0F8CC05408AB0EB112F07D1FFE7C5
:102EA000019800F574700299FFF786F817E0029810
:102EB0004068B0F1804F11D1FFE70198029909688D
:102EC000D0F8CC05C08AB0EB112F07D1FFE70198ED
:102ED00000F599600299FFF76FF8FFE7FFE7FFE75A
:102EE000FFE7FFE704B080BD80B584B00390029196
:102EF000ADF8062003980299BDF8062001F090FB7A
:102F000004B080BD0000000080B590B00F900F9815
:102F10000C9001F049FB0C980021029100F058F947
:102F20000C9800F5D161009181ED000A48300390C2
:102F300000F0DAFE0C980121049100F049F90099A3
:102F40000C9881ED010A00F5C870059000F0CCFEE8
:102F50000C980221069100F03BF900990C9881ED44
:102F6000020A00F536700790FEF7EAFF0C9803217D
:102F7000089100F02DF900990C9881ED030A00F5F5
:102F800074700990FEF7DCFF0C9804210A9100F0A0
:102F90001FF900990C9881ED040A00F599600B90D7
:102FA000FEF7CEFF0C9805210D9100F011F9009964
:102FB0000C9881ED050A01F0FFFA02990C9800F0D7
:102FC00043F903980C9901F5D461019181ED000A50
:102FD00000F092FE04990C9800F036F901990598DA
:102FE00081ED010A00F088FE06990C9800F02CF99A
:102FF0000199079881ED020AFEF7AAFF08990C983B
:1030000000F022F90199099881ED030AFEF7A0FF6B
:103010000A990C9800F018F901990B9881ED040AAF
:10302000FEF796FF0C980D9900F00EF901990C9897
:1030300081ED050A01F0C8FA02990C9800F064F9D4
:1030400003980C9901F5D7610E9181ED000A00F00B
:103050005BFE04990C9800F057F905980E9981EDE4
:10306000010A00F051FE06990C9800F04DF90798FE
:103070000E9981ED020AFEF773FF08990C9800F093
:1030800043F909980E9981ED030AFEF769FF0A9941
:103090000C9800F039F90B980E9981ED040AFEF7AF
:1030A0005FFF0C980D9900F02FF90E9880ED050A3E
:1030B00010B080BD0000000084B003908DF80B10AC
:1030C000039801909DF80B0005280CD8FFE70198A4
:1030D0009DF80B1000EB810000F5D16090ED000A27
:1030E0008DED000A04E09FED040A8DED000AFFE774
:1030F0009DED000A04B070470000000000000000D1
:1031000086B004908DF80F108DED020A049800909F
:103110009DF80F00052805D8FFE70098D0F8C805EE
:1031200018B9FFE7002005901DE00098D0F8C815F9
:103130009DF80F2011F9321000EE101AB8EEC00AF7
:103140008DED010AD0F8C8059DF80F1000EBC10005
:1031500090ED010A9DED011A9DED022AA1EE020AF1
:103160008DED050AFFE79DED050A06B070470000EA
:1031700086B004908DF80F108DED020A049800902F
:103180009DF80F00052805D8FFE70098D0F8C8057E
:1031900018B9FFE70020059015E00098D0F8C805A1
:1031A0009DF80F1010F9310000EE100AB8EEC00AB9
:1031B0008DED010A9DED010A9DED021A20EE010A36
:1031C0008DED050AFFE79DED050A06B0704700008A
:1031D00086B004908DF80F108DED020A04980090CF
:1031E0009DF80F00052805D8FFE70098D0F8C8051E
:1031F00018B9FFE7002005901FE00098D0F8C81527
:103200009DF80F2011F9321000EE101AB8EEC00A26
:103210008DED010A9DED010A9DED021AD0F8C80559
:103220009DF80F1000EBC10090ED012A31EE421A1B
:1032300020EE010A8DED050AFFE79DED050A06B0B7
:10324000704700000000000086B004908DF80F1059
:103250008DED020A049800909DF80F00052805D80E
:10326000FFE70098D0F8C80518B9FFE700200590DF
:1032700015E00098D0F8C8059DF80F1010F931003E
:1032800000EE100AB8EEC00A8DED010A9DED010AAC
:103290009DED021A20EE010A8DED050AFFE79DED76
:1032A000050A06B07047000086B004908DF80F1034
:1032B0008DED020A049800909DF80F00052805D8AE
:1032C000FFE70098D0F8C80518B9FFE7002005907F
:1032D00015E00098D0F8C8059DF80F1010F93100DE
:1032E00000EE100AB8EEC00A8DED010A9DED010A4C
:1032F0009DED021A20EE010A8DED050AFFE79DED16
:10330000050A06B07047000086B004908DF80F10D3
:103310008DED020A049800909DF80F00052805D84D
:10332000FFE70098D0F8C80518B9FFE7002005901E
:1033300015E00098D0F8C8059DF80F1010F931007D
:1033400000EE100AB8EEC00A8DED010A9DED010AEB
:103350009DED021A20EE010A8DED050AFFE79DEDB5
:10336000050A06B07047000080B584B0039003984A
:10337000019090F81807014602910F2851D8029940
:10338000DFE801F0080D13191F252C33080D131960
:103390001F3A41480198483000F07EFE42E0019813
:1033A00000F5C87000F078FE3CE0019800F536703A
:1033B000FEF7B2FE36E0019800F57470FEF7ACFE41
:1033C00030E0019800F59960FEF7A6FE2AE001982A
:1033D00000F536703521FEF7FBFD23E0019800F57E
:1033E00074703521FEF7F4FD1CE0019800F599603A
:1033F0003521FEF7EDFD15E0019800F53670352119
:10340000FEF7E6FD0EE0019800F574703521FEF739
:10341000DFFD07E0019800F599603521FEF7D8FD42
:1034200000E0FFE7019890F81817013180F81817AD
:1034300090F81807102805D3FFE70199002081F8BC
:103440001807FFE704B080BD80B582B001900198F5
:103450000090FFF75DFC009800F056F9009801F02D
:103460004FF9009800F53670FEF7F2FE009800F56F
:103470007470FEF7EDFE009800F59960FEF7E8FE27
:103480000098FFF741FD02B080BD00000000000081
:1034900080B582B001900198009001F00DF900987C
:1034A000483000F07DFD009800F5C87000F078FD10
:1034B000009800F53670FEF7A3FF009800F57470D1
:1034C000FEF79EFF009800F59960FEF799FF02B0A5
:1034D00080BD00000000000080B594B013908DF80E
:1034E0004B10139811909DF84B1080F8C01590F870
:1034F000C005A0B9FFE7119948F2A060C0F601002D
:10350000C1F8C40548F25860C0F60100C1F8C8050A
:1035100048F28860C0F60100C1F8CC0513E01199AB
:1035200048F21870C0F60100C1F8C40548F2D06036
:10353000C0F60100C1F8C80548F20070C0F60100ED
:10354000C1F8CC05FFE71198D0F8CC054078FDF71D
:10355000E7FA01461198D0F8CC2552889FED620A0F
:103560009FED621A8DED021AF0EE410A01F088F922
:10357000119800F148010191D0F8CC054079FDF790
:10358000D7F9DDED020A119A01460198D2F8CC254F
:103590009279EC4600230B93CCF80030B2EE091A76
:1035A0008DED031ADFED521ACDED041AB2EE082AA2
:1035B0008DED052ADFED4F2ACDED062AB0EE600A2B
:1035C00000F02EFE119800F5C8710791D0F8CC05D7
:1035D000407AFDF7ADF9DDED020A9DED031ADDED50
:1035E000041A9DED052ADDED062A0B9B119A014672
:1035F0000798D2F8CC25927AEC46CCF80030B0EEA1
:10360000600A00F00DFE119800F536710C91D0F8AB
:10361000CC05407BFDF78CF90B9B119A01460C9869
:10362000D2F8CC25D2899FED340AF0EE000ACDED18
:10363000090A9FED321A8DED0A1AFEF7FDFE119868
:1036400000F574710D91D0F8CC05407CFDF770F950
:10365000DDED090A9DED0A1A0B9B119A01460D98A2
:10366000D2F8CC25528A9FED260A8DED080AFEF786
:10367000E3FE119800F599610E91D0F8CC05407DDC
:10368000FDF756F99DED080ADDED090A9DED0A1AD0
:103690000B9B119A01460E98D2F8CC25D28AFEF7E0
:1036A000CBFE119800F5BA60FFF7D2F8119800F53B
:1036B000C360FEF731FA0B99119880F81817FFF7DD
:1036C00023FC0C9836210F9104221092FEF748FD3E
:1036D0000D980F99109AFEF743FD0E980F99109AC6
:1036E000FEF73EFD14B080BD5C8FCA4000000000B4
:1036F00000009842CDCCCC3D3333333F63149D431F
:10370000F628DC3E0000000080B594B013901398BA
:10371000119090F8540618BBFFE711980021109102
:1037200000F0E2FF11981099483000F035FB119835
:10373000109900F5C87000F02FFB1198109900F552
:103740003670FEF759FD1198109900F57470FEF768
:1037500053FD1198109900F59960FEF74DFD27E192
:1037600000208DF84B00FFE79DF84B00052818D886
:10377000FFE711999DF84B2001EB820000F5CB602B
:10378000D1F8C41501EBC20191ED000AD1ED010A97
:10379000FCF786FEFFE79DF84B0001308DF84B00EB
:1037A000E2E711980121049100F09EFF049911981D
:1037B0004830059000F0F0FA0499119800F5C870AF
:1037C000079000F0E9FA0499119800F53670099015
:1037D000FEF712FD0499119800F574700B90FEF736
:1037E0000BFD0499119800F599600F90FEF704FD08
:1037F000119800F5CB61019191ED000A0021039130
:10380000FFF77EFC119800F0E7FE019A04991198E9
:1038100092ED010AFFF774FC059800F07DFA01991A
:10382000119891ED020A02210691FFF769FC0798B1
:1038300000F072FA0199119891ED030A03210891A1
:10384000FFF75EFC0998FEF793FB0199119891ED43
:10385000040A04210A91FFF753FC0B98FEF788FB3A
:103860000199119891ED050A05210E91FFF748FC89
:103870000F98FEF77DFB0399119800F5CE62029236
:1038800092ED000AFFF774FC119800F0B1FE029A65
:103890000499119892ED010AFFF76AFC059800F06F
:1038A00047FA029A0699119892ED020AFFF760FC16
:1038B000079800F03DFA029A0899119892ED030AD0
:1038C000FFF756FC0998FEF75FFB029A0A991198D8
:1038D00092ED040AFFF74CFC0B98FEF755FB029A99
:1038E00011980E9992ED050AFFF742FC0F98FEF72A
:1038F0004BFB0399119800F5DA620C9292ED000AE5
:1039000000F5DD620D9292ED001A30EE010AFFF72C
:10391000CBFC119800F078FE04990C9B0D9A11983D
:1039200093ED010A92ED011A30EE010AFFF7BCFC9B
:10393000059800F009FA06990C9B0D9A119893EDE1
:10394000020A92ED021A30EE010AFFF7ADFC079869
:1039500000F0FAF908990C9B0D9A119893ED030A5F
:1039600092ED031A30EE010AFFF79EFC0998FEF76C
:1039700017FB0A990C9B0D9A119893ED040A92ED8E
:10398000041A30EE010AFFF78FFC0B98FEF708FBD4
:103990000C9B0D9A11980E9993ED050A92ED051A5C
:1039A00030EE010AFFF780FC0F98FEF7F9FAFFE707
:1039B00014B080BD0000000080B594B01290129841
:1039C0000F90139000F0A8FF0F98483000F0B8FC5B
:1039D0000F9800F5C87000F0B3FC0F9800F5367032
:1039E000FEF732FE0F9800F57470FEF72DFE0F986B
:1039F00000F59960FEF728FE0F9800210E9180F8DF
:103A0000C015C0F8C415C0F8C815C0F8CC1500F52D
:103A1000BA60FFF731F90F9800F5C360FEF7A0F820
:103A20000E980F9981F85406C1F8580601F25C60AF
:103A300001F5CE6110911190FFE71199109A0020C5
:103A400041F8040B084691421190F6D1FFE70F9917
:103A50000020C1F8700601F2746001F5D1610C918B
:103A60000D90FFE70D990C9A002041F8040B0846D1
:103A700091420D90F6D1FFE70F990020C1F888061A
:103A800001F28C6001F5D4610A910B90FFE70B996C
:103A90000A9A002041F8040B084691420B90F6D197
:103AA000FFE70F990020C1F8A00601F2A46001F51C
:103AB000D76108910990FFE70999089A002041F819
:103AC000040B084691420990F6D1FFE70F990020B8
:103AD000C1F8B80601F2BC6001F5DA610691079001
:103AE000FFE70799069A002041F8040B0846914227
:103AF0000790F6D1FFE70F990020C1F8D00601F238
:103B0000D46001F5DD6104910590FFE70599049A01
:103B1000002041F8040B084691420590F6D1FFE7DA
:103B20000F990020C1F8E80601F2EC6001F5E061B0
:103B300002910390FFE70399029A002041F8040BD9
:103B4000084691420390F6D1FFE70F990020C1F893
:103B5000000701F2047001F5E36100910190FFE7B5
:103B60000199009A002041F8040B08469142019007
:103B7000F6D1FFE70F99002081F81807139814B0C9
:103B800080BD00000000000080B582B00190019867
:103B90000090FEF71DF800980830FEF719F800981D
:103BA0001030FEF715F800981830FEF711F800985D
:103BB000012180F82010002280F8212080F82210B6
:103BC00002B080BD0000000080B58AB00990089165
:103BD00009980390D0F8BC0008B9FFE780E003988B
:103BE000D0F8BC00806838B9FFE70398D0F8BC0073
:103BF0000069082801D0FFE772E00399089A10686D
:103C00005268059204909DF811209DF8120040EA38
:103C10000220ADF81E009DF813009DF8142000014D
:103C200040EA1210ADF81C009DF814209DF8150014
:103C300002F00F0240EA0220ADF81A009DF81000D1
:103C400081F8E400BDF81E00D1ED330AB1EE600A40
:103C5000002102914FF6FF72FCF716FD0299039ABC
:103C600082ED3A0ABDF81C00D2ED340AB1EE600ACA
:103C700040F6FF720192FCF707FD019A0299039B3F
:103C800083ED3B0ABDF81A00D3ED350AB1EE600AA8
:103C9000FCF7FAFC0299039880ED3C0A9DF8162087
:103CA00000EE102AB8EE400A80ED3D0A9DF817207C
:103CB00080F8F820BDF81E20A0F8FA20BDF81E20DC
:103CC000D0F8C8301A44C0F8FC20C0F8001190F8B1
:103CD0000401012804D1FFE7039800F0B5F8FFE7DD
:103CE0000AB080BD0000000081B00090009890ED07
:103CF0003A0A01B07047000081B00090009890ED42
:103D00003B0A01B07047000081B00090009890ED30
:103D10003C0A01B07047000082B001908DED000AAE
:103D200001990098C1F83C0102B070470000000002
:103D300082B001908DED000A01990098C1F8400110
:103D400002B070470000000082B001908DED000AC3
:103D500001990098C1F8440102B0704700000000CA
:103D600080B582B0019000910198D0F8D81001314F
:103D7000C0F8D8100099FFF727FF02B080BD0000FF
:103D800081B000900099002081F8070181F80801B6
:103D900001B070470000000080B584B003908DF83A
:103DA0000B100398019090F804019DF80B108842C5
:103DB00001D1FFE729E0019890F8040160B9FFE71D
:103DC0009DF80B00012807D1FFE70198FFF7D8FF06
:103DD000019800F01DF80EE0019890F80401012808
:103DE00008D1FFE79DF80B0020B9FFE70198FFF726
:103DF000C7FFFFE7FFE7019991F8040181F805018A
:103E00009DF80B0081F80401FFE704B080BD0000BD
:103E100081B000900099002081F80C01C1F81001D8
:103E2000C1F82001C1F81C01C1F81801C1F8140142
:103E300081F8240181F82501C1F82801C1F82C017D
:103E400001B070470000000080B584B00390039873
:103E5000019090F80C0148B9FFE70199D1F8F00002
:103E6000C1F81001012081F80C0194E0019890ED57
:103E70003C0A90ED441A30EE410AFCF73DFD0198F2
:103E80008DED020AD0F8F010C0F8101190F825015D
:103E9000032816DCFFE70199029891F8242101EB31
:103EA0008202C2F814019DED021A91ED4A0A30EE29
:103EB000010A81ED4A0A91F82501013081F82501B6
:103EC0001CE0019800F58A7290F8241102EB810140
:103ED00091ED001A90ED4A0A30EE410A80ED4A0A4F
:103EE000029990F8243142F823109DED021A90EDCA
:103EF0004A0A30EE010A80ED4A0AFFE7019890F87D
:103F00002411013180F8241190F82401042805DBE4
:103F1000FFE70199002081F82401FFE7019890ED67
:103F20004A0A90F8251101EE101AB8EE411A80EEF7
:103F3000010A80ED4B0A90F8250104282ADBFFE7EF
:103F4000019890ED4B0A90ED4C1AB4EE410AF1EE57
:103F500010FA19DBFFE7019890F80801012807DC47
:103F6000FFE7019991F80801013081F80801FFE7A6
:103F7000019890F80801022805DBFFE7019901206C
:103F800081F80701FFE704E00199002081F80801AA
:103F9000FFE7FFE7FFE704B080BD0000000000007E
:103FA00080B584B0039003990291D1F8D800D1F87C
:103FB000DC10884205D0FFE7029890F8F80028B19D
:103FC000FFE70299002081F8E00004E00299012057
:103FD00081F8E000FFE70298D0F8BC0030B9FFE7B5
:103FE0000299D1F8D800C1F8DC0053E0029890F8AB
:103FF0000601002843D1FFE7029890F8040101462A
:10400000019120B1FFE7019801280ED035E0029917
:10401000D1F8BC00006891F8C01040F20802C2F26A
:1040200000420823ECF79CFC28E0029890F8050178
:1040300001280ED0FFE70299D1F8BC00006891F882
:10404000C01040F20002C2F200420823ECF788FCE4
:1040500014E0029890F8070170B9FFE70299D1F8CF
:10406000BC00006891F8C01040F20002C2F20042A9
:104070000823ECF775FCFFE700E0FFE700E0FFE74F
:10408000029991F8040181F80501D1F8D800C1F82E
:10409000DC00FFE704B080BD80B58AB009900998C4
:1040A000049090F80601002840F0B180FFE70498E2
:1040B00090F8040150B1FFE70498D0F8BC0028B193
:1040C000FFE70498D0F8C40008B9FFE7A0E004981F
:1040D00090ED331A90ED4F0AF1EE410A0020039063
:1040E0004FF6FF71FCF7A0FA049902460398ADF869
:1040F000222091ED341A91ED500AF1EE410A40F67A
:10410000FF710291FCF790FA0299049A0346039812
:10411000ADF8203092ED4D0ADFED3E0ACDED010AFB
:104120009FED3D1AFCF780FADDED010A0299049A31
:1041300003460398ADF81E3092ED4E0AB1EE041A14
:10414000FCF772FA0299049A03460398ADF81C3002
:1041500092ED351A92ED510AF1EE410AFCF764FA3C
:10416000ADF81A000DF12200FCF75EFB049AD2F8BC
:10417000C410BDF822000880BDF8200000098DF8A9
:104180001900D2F8C4109DF819008870BDF82010ED
:104190009DF81F0040EA01108DF81800D2F8C410F5
:1041A0009DF81800C8709DF81E008DF81700D2F811
:1041B000C4109DF817000871BDF81C0000098DF8A7
:1041C0001600D2F8C4109DF816004871BDF81C10F6
:1041D0009DF81B0040EA01108DF81500D2F8C410BC
:1041E0009DF8150088719DF81A008DF81400D2F81A
:1041F000C4109DF81400C871D2F8BC00006892F891
:10420000C010D2F8C4200823ECF7AAFB00E0FFE7B7
:104210000AB080BD000000000000FA43000000006A
:1042200080B58CB0DDF838C00B900A918DF827204E
:104230008DF826308DED080ACDED070A8DED061AB2
:10424000CDED051A8DED042ACDED032A0B980290D1
:104250000A9800684AF20001C4F20001884208D1BD
:10426000FFE7029940F2E050C2F20040C1F8BC0002
:1042700011E00A9800684AF20041C4F20001884245
:1042800008D1FFE7029940F25860C2F20040C1F83D
:10429000BC00FFE7FFE702989DF8271080F8C010E8
:1042A0000021019180F806110E99C0F8C8100699F6
:1042B000C0F8CC100599C0F8D0100499C0F8D410FB
:1042C0000899C0F834110799C0F83811A030DDED15
:1042D000030AB0EE600AFCF717FE0A989DF8271053
:1042E000FCF706F9019902460298C0F8C420C0F80C
:1042F000D810C0F8DC1080F8E01080F8041180F8C5
:104300000511FFF73DFD0298FFF782FD0299019824
:104310009DF8272081F8E420C1F8E800C1F8EC00FE
:10432000C1F8F000C1F8F40081F8F800A1F8FA0033
:10433000C1F8FC00C1F800010CB080BD0000000015
:1043400080B588B0069006980190079002F098FD1D
:104350000198503002F094FD0198A030FCF7E8FD80
:10436000019900200290C1F8BC00012281F8C02010
:10437000C1F8C400C1F8C8000023C4F24813C1F852
:10438000CC300023C4F29823C1F8D0300023C4F20B
:104390004013C1F8D430C1F8D800C1F8DC0081F86E
:1043A000E00081F8E420C1F8E800C1F8EC00C1F8B1
:1043B000F000C1F8F40081F8F800A1F8FA00C1F8A3
:1043C000FC00C1F8000181F8040181F8050181F8C1
:1043D000060181F8070181F8080101F58672039250
:1043E00081F80C01C1F81001C1F8140101F58C70BD
:1043F00001F5927104910590FFE70599049A002058
:1044000041F8040B084691420590F6D1FFE7019967
:10441000039A002010765076D061106241F26F222C
:10442000C3F60332C1F83021C1F83401C1F83801B4
:10443000C1F83C01C1F84001C1F84401079808B037
:1044400080BD00000000000080B58AB00890079190
:104450000898019007980078FD2805D1FFE7079894
:104460004078EE2804D0FFE700208DF8270091E087
:1044700007980E21FCF7E8FCADF81A0007980E30FB
:10448000FCF7C2FBADF81800BDF81A00BDF8181013
:10449000884204D0FFE700208DF827007AE00199D8
:1044A0000798807800F00F00ADF81600BDF81600F0
:1044B0008988884204D0FFE700208DF8270069E052
:1044C00007980330FCF78CFBADF814000798053013
:1044D000FCF786FBADF8120007980730FCF78CFB61
:1044E00003900798C07A8DF80B0007980C30FCF702
:1044F0008BFB0199ADF80800BDF8160008830798FA
:104500008078C0F3021088760398C8619DED030A95
:10451000B8EEC00A9FED211A20EE010A9FED202A75
:1045200020EE020A91ED021A80EE010A81ED080ADE
:10453000BDF9120000EE100AB8EEC00A9FED191A7C
:1045400020EE010A20EE020A91ED022A80EE020A14
:1045500081ED090ABDF9140000EE100AB8EEC00A98
:1045600020EE010A91ED021A20EE010A81ED0A0AFD
:104570009DF90B0000EE100AB8EEC00A81ED0B0A9F
:10458000BDF8080000F0070081F8300001208DF828
:104590002700FFE79DF827000AB080BD0000003823
:1045A000DB0FC9400000803B81B00090009890ED87
:1045B000080A01B07047000081B00090009890EDAB
:1045C000090A01B07047000081B00090009890ED9A
:1045D0000A0A01B07047000082B001908DED000A18
:1045E00001990098C86302B0704700000000000005
:1045F00082B001908DED000A01990098086402B024
:10460000704700000000000082B001908DED000AAC
:1046100001990098486402B0704700000000000053
:1046200080B584B003900291ADF806200398009005
:10463000029828B1FFE7BDF806000F2801D8FFE770
:1046400035E00020ADF80400FFE7BDF80400BDF838
:104650000610103988422AD8FFE70298BDF80410E6
:10466000405CFD281CD1FFE70299BDF80400084416
:104670004078EE2814D1FFE700980299BDF8042095
:104680001144FFF7E1FE50B1FFE7009908690130DE
:104690000861BDF804000F30ADF80400FFE7FFE744
:1046A000FFE7BDF804000130ADF80400CDE704B029
:1046B00080BD00000000000082B0019001990091CF
:1046C00008694969884204D1FFE70099002008730E
:1046D00003E0009901200873FFE700990869486129
:1046E00002B070470000000082B001908DF8031006
:1046F00001999DF80300487302B070470000000064
:1047000080B590B008A902910F900F9803900068AF
:1047100028B1FFE703980068006808B9FFE7A7E041
:104720000398016804310E9100218DF837100C9127
:104730000B910A9109910891407B01280FD1FFE765
:10474000039801218DF83710416C0C91016C0B918D
:10475000C16B0A91416B0991806B0890FFE7039848
:1047600002990E9BFE221A700E9BEE225A708288CE
:1047700002F00F029DF8373003F0070342EA0312FC
:104780000E9B9A7091ED040A90ED021A80EE010AD8
:10479000DFED380ACDED000AFCF79AFADDED000AEC
:1047A000029902460398ADF81E2091ED030A90EDA0
:1047B000021A20EE010A9FED301A8DED011A80EEEB
:1047C000010AFCF785FA9DED011A02990246039849
:1047D000ADF81C2091ED020A90ED022A20EE020AAB
:1047E00080EE010ADFED250AFCF796FA01460298F1
:1047F000069190ED010AFCF7E3FA01460298ADF844
:10480000161090ED000AFCF7DBFAADF814000E98D4
:104810000330BDF91E10FCF7FFF90E980530BDF905
:104820001C10FCF7F9F90E9807300699FCF700FA0E
:104830000E980B30BDF81610FCF73AFA0E980D30B2
:10484000BDF81410FCF734FA0E980F21FCF7FCFAAF
:10485000ADF812000E980F30BDF81210FCF728FAD0
:104860000398006800680E991122FAF799FFFFE794
:1048700010B080BD00008043DB0FC940000000473E
:1048800089B008900791ADF81A208DED050ACDED9D
:10489000040A8DED031A0899029107980860BDF883
:1048A0001A000F2803D3FFE70E20019003E0BDF8A4
:1048B0001A000190FFE70299019888809DED050A92
:1048C000B5EE400AF1EE10FA05DDFFE79DED050AB1
:1048D0008DED000A04E0B7EE000A8DED000AFFE757
:1048E00002999DED000A81ED020A0498486303983D
:1048F0008863002008734873086148618A880A83C6
:104900008876086248628862C86281F83000C863AD
:104910000864486409B0704781B000900098002195
:104920000160818048F65C72C4F2CA028260017341
:1049300041730161416101838176C161016241621C
:104940008162C16280F8301041638163C163016498
:10495000416401B07047000080B584B003900398B3
:104960000190002180F86B1080F86C1080F86910BD
:1049700080F86A10C0F87510C0F87110C0F86D109A
:10498000793084210291EBF7A2FE01980299FD3063
:10499000EBF79DFE04B080BD80B586B0059005980C
:1049A000039000208DF81300FFE79DF81300012805
:1049B00054D8FFE700208DF81200FFE79DF81200A1
:1049C000052844D8FFE703989DF8133003EB430113
:1049D00000EBC1029DF8121002EB810292ED0E0A6B
:1049E00000F17902019203EB431302EB43030B2224
:1049F000029211FB023102F05BFA0198029A039BCA
:104A00009DF8131001EB411C00EB4C009DF81210B7
:104A100011FB020003EB4C0311FB0231FD31EBF7FC
:104A2000B3FD0399002818BF01209DF8132002EB65
:104A3000420201EB42019DF81220114481F86D0001
:104A4000FFE79DF8120001308DF81200B6E7FFE78E
:104A50009DF8130001308DF81300A6E706B080BD65
:104A6000B0B584B00390029103980190029808B900
:104A7000FFE726E00199029C009420686268A36821
:104A8000D4F80CC0D4F810E06569CD61C1F818E025
:104A9000C1F814C00B61CA608860A069E269236A2A
:104AA000D4F824C0D4F828E0E46A4C63C1F830E0BC
:104AB000C1F82CC08B624A620862012081F868004C
:104AC000FFE704B0B0BD000080B590B00E900E9826
:104AD00003900BA800F018FB039840F2E061C2F2CB
:104AE00000410B914FF6FF71ADF830100021ADF889
:104AF000321001218DF8341090F86B0001460491BA
:104B0000062800F27C800499DFE801F0040C1C2CDC
:104B10004054680003980068002101F06DFD8DF895
:104B20003F00F1E0039800686A460BA9116048F65F
:104B30008423C0F601030822114600F0F5FA8DF82F
:104B40003F00E1E0039800686A460BA9116048F64F
:104B50009723C0F601032021082200F0E5FA8DF822
:104B60003F00D1E003984FF4FC61ADF830100068CD
:104B70006A460BA9116048F6A223C0F6010308217A
:104B80001C2200F0D1FA8DF83F00BDE003984FF4ED
:104B9000FC61ADF8301000686A460BA9116048F658
:104BA000A723C0F6010380211C2200F0BDFA8DF876
:104BB0003F00A9E0039840F2FF71ADF830100068A3
:104BC0006A460BA9116048F68823C0F60103082144
:104BD000FC2200F0A9FA8DF83F0095E0039840F21E
:104BE000FF71ADF8301000686A460BA911602C21E6
:104BF000FC22002300F0E0FA8DF83F0084E00398E7
:104C000090F86B0007388DF82B009DF82B0080087A
:104C10008DF82A009DF82B0000F003008DF8290084
:104C20009DF82A0000EB0011342000EB4100ADF8A4
:104C300026004A208DF822009DF82A0030308DF899
:104C400023003A208DF8240000208DF825009DF8DF
:104C50002A00062804D3FFE703208DF83F0053E025
:104C60009DF8290098B9FFE703984FF4FC61ADF86F
:104C700030100068BDF826206B460BA9196008218A
:104C80000DF1220300F050FA8DF83F003CE09DF852
:104C90002900012813D1FFE703984FF4FC61ADF818
:104CA00030100068BDF826206B460BA919608021E2
:104CB0000DF1220300F038FA8DF83F0024E003984C
:104CC0000021CDF81B10069105919FED110A05A951
:104CD000029102F0EDF80398029B4FF6E071ADF8F7
:104CE000301000689DF829209821022A08BF202151
:104CF000BDF82620EE460DF12C0CCEF800C000F0D9
:104D000013FA8DF83F00FFE79DF83F0010B080BD1B
:104D1000000000000000000080B582B0019000910A
:104D20000198009901600021017180F86810FFF777
:104D300013FE02B080BD000010B592B01190119822
:104D40000690006808B9FFE77EE10698006800F069
:104D50001FFC014606988DF843100079032809D1FD
:104D6000FFE79DF84300012804D1FFE70698FFF70D
:104D7000F3FDFFE706999DF8430008719DF8430095
:104D800028B1FFE79DF84300032801D1FFE75BE16D
:104D9000069890F86C00002874D1FFE7FFE70698AA
:104DA00090F86C100020059049B9FFE7069800685C
:104DB00001F096FA002818BF01200590FFE705983A
:104DC000C00700285DD0FFE70698FFF77DFE8DF84D
:104DD00042009DF8420008B1FFE735E1069890F8DF
:104DE0006B10013180F86B1090F86B001F2847DBC7
:104DF000FFE7069800210491CDF83B100E910D912C
:104E00009FED920A0DA902F053F804988DF8330033
:104E1000FFE79DF8330001282DD8FFE700208DF82B
:104E20003200FFE79DF8320005281DD8FFE70698FD
:104E30009DF8331001EB411100EB41029DF8320067
:104E40000B2110FB01210D980E9ADDF83B30C1F8C3
:104E50000431C1F80121C1F8FD00FFE79DF83200DF
:104E600001308DF83200DDE7FFE79DF833000130B7
:104E70008DF83300CDE70699012081F86C00FFE73B
:104E80008DE7E1E0069890F86900A8BBFFE7069877
:104E900090F8680008B9FFE7D6E006988168C26814
:104EA0000369D0F814C0D0F818E0C469C464C0F82D
:104EB00048E0C0F844C00364C2638163016A426A87
:104EC000836AD0F82CC0D0F830E0446B4466C0F858
:104ED00060E0C0F85CC08365426501650021039114
:104EE00080F86810FFF758FD0398069981F86A006A
:104EF000012081F86900FFE7FFE7069890F86A0053
:104F00000B2800F29C80FFE7069890F86A104AF69A
:104F1000AB22C2F6AA22A1FB02318DF8311090F823
:104F20006A10A1FB023202EB4202A1EB42018DF8B2
:104F300030109DF8311001EB410100EB41009DF86C
:104F40003010084490F86D00002871D0FFE70698F3
:104F5000006801F0C5F908B9FFE775E009A80290FB
:104F600000F0D2F8069BDDF808C040F2E060C2F223
:104F7000004009904FF6E070ADF828000020ADF831
:104F80002A0001208DF82C009DF83110982000296E
:104F900008BF2020ADF822009DF8300000EB001182
:104FA000342000EB4100ADF820001868BDF8221055
:104FB000BDF820209DF831E00EEB4E1E03EB4E04B1
:104FC0009DF830304FF00B0E13FB0E437933EE4655
:104FD000CEF800C000F0A8F88DF81F009DF81F0063
:104FE00008B1FFE730E006989DF8311001EB41125F
:104FF0009DF8301000EB42030B2211FB0232D2F875
:105000007910D2F87D30D2F880C0C2F804C1C2F85D
:105010000131C2F8FD109DF8311001EB410100EBA8
:1050200041009DF830100144002081F86D00FFE739
:10503000069991F86A00013081F86A005DE70699E7
:10504000002081F86900FFE712B010BD00000000E9
:1050500080B58CB00A900A9806900B9000210591BB
:1050600001600171083030210491EBF752FB049983
:1050700006983830EBF74DFB059A069981F86820C1
:1050800081F8692081F86A2081F86B2081F86C2012
:10509000084600F86D2F079001F16E0073310891FA
:1050A0000990FFE70999089A002001F8010B0846CA
:1050B00091420990F6D1FFE70799881D0C310291C2
:1050C0000390FFE70398029A002181800160811D0F
:1050D000084691420390F5D1FFE70698793048F2EF
:1050E0002851C0F6010184220192EBF779FA019A66
:1050F0000698FD3048F2AC51C0F60101EBF770FAAA
:105100000B980CB080BD000081B000900098002189
:1051100001604FF6FF728280C1800121017201B0EF
:10512000704700000000000080B584B0DDF818C0B2
:105130000390ADF80A10ADF8082001930398BDF86C
:105140000A10BDF80820019BDDF818C0EE46CEF825
:1051500000C000F059F804B080BD0000000000005D
:1051600080B584B0039003990191486809890122B0
:105170000292F1F7E1FA0199C868098A00220092C7
:10518000F1F7DAFA0099019800F0FEF8009A019917
:105190004869098BF1F7D0FA6420EFF7A1FD019976
:1051A000029A4869098BF1F7C7FA7820EFF798FD62
:1051B00004B080BD0000000080B592B0DDF850C0A2
:1051C0001190ADF84210ADF840200F931198029065
:1051D0000DF1130003902921EBF779FA0298039A55
:1051E0000F9902F011F80298039BBDF84210BDF828
:1051F0004020DDF850C0EE46CEF800C000F004F8C4
:1052000012B080BD0000000080B5A0B0DDF888C0FD
:105210001E90ADF87610ADF874201C931E98029085
:1052200007A800F075FB04A8FFF76EFF1C9820B9D3
:10523000FFE703208DF87F00A2E040F2E060C2F2B9
:10524000004004904FF6FF70ADF814000020ADF858
:10525000160001208DF81800229890B1FFE72299DE
:10526000087A8DF818000868496805910490049838
:1052700030B9FFE740F2E060C2F200400490FFE77F
:10528000FFE79DF81800B0B1FFE79DF81800082867
:1052900011D8FFE70498807968B1FFE70498807916
:1052A000082808D8FFE70498C07920B1FFE70498E0
:1052B000407A20B9FFE703208DF87F0060E01C985A
:1052C0002821FBF7B9FE8DF837009DF8370020B98B
:1052D000FFE700208DF87F0052E09DF83700049929
:1052E000497A48439DF81810484303900398B0F555
:1052F000803F04D3FFE703208DF87F0040E0029950
:10530000BDF87600898D884207DAFFE70299BDF87B
:105310007400C98D884204DBFFE700208DF87F0010
:105320002EE008208DF81C00BDF87600ADF81E00B8
:10533000BDF87400ADF8200004981090BDF814007A
:10534000ADF82E00BDF81600ADF844009DF8180029
:105350008DF8380007A801902A3000901C999DF81C
:105360003720EBF73DF9009B019902989DF837C073
:10537000002203F80C2000F013F98DF87F00FFE7FE
:105380009DF87F0020B080BD80B584B003908DF87B
:105390000B1003980190C06908B9FFE717E0019965
:1053A0009DF80B00002818BF012091F82420002A46
:1053B00018BF0122801AB0FA80F040098DF80A0067
:1053C000C869098C9DF80A20F1F7B6F9FFE704B027
:1053D00080BD00000000000080B586B004908DF80C
:1053E0000F10049801909DF80F00014602910328C8
:1053F0003BD80299DFE801F0020F1D2B0199002034
:105400008DF80E00F0228A854FF48C72CA850886CA
:10541000142048862DE0019960208DF80E004FF48D
:105420008C708885F020C885142008860020488666
:105430001FE00199C0208DF80E00F02088854FF400
:105440008C70C885002008861420488611E00199D8
:10545000A0208DF80E004FF48C708885F020C88550
:10546000142008860020488603E000208DF81700ED
:105470001AE00198362100F03FFF40B1FFE70198A4
:105480000DF10E01012200F0B3FE20B9FFE700206C
:105490008DF8170008E001999DF80F0081F82A00A7
:1054A00001208DF81700FFE79DF8170006B080BDBA
:1054B00080B588B00690ADF8161006990291888DD7
:1054C000C98D484304900020ADF80E00FFE7BDF8F9
:1054D0000E004009222815D8FFE702999DF8170011
:1054E00001F5BC62BDF80E1050549DF81600BDF8D1
:1054F0000E1011444870FFE7BDF80E000230ADF801
:105500000E00E4E70298818D0139C28D013A92B212
:105510006B461A608BB20022114600F0EDFD20B9F7
:10552000FFE700208DF81F002BE0FFE7049820B371
:10553000FFE70498B0F50C7F04D9FFE74FF40C7037
:10554000019002E004980190FFE702980199ADF8FC
:105550000C1000F5BC61BDF80C20520092B200F0B6
:1055600047FE20B9FFE700208DF81F0009E0BDF8D5
:105570000C100498401A0490D8E701208DF81F0001
:10558000FFE79DF81F0008B080BD0000000000008C
:1055900081B00090009890F8280001B0704700009A
:1055A00080B584B00290019102980090019838B9BA
:1055B000FFE70099032081F829008DF80F003FE0F4
:1055C000009890F8280030B1FFE7009890F8280084
:1055D000032807D1FFE70099042081F829008DF8FE
:1055E0000F002DE0009890F87605102807D3FFE70C
:1055F0000099022081F829008DF80F0020E0009B1F
:10560000019993F87505542210FB0230343053226F
:10561000EBF72BF8009991F87505013000F00F00B9
:1056200081F8750591F87605013081F8760502203C
:1056300081F82800002081F829008DF80F00FFE78D
:105640009DF80F0004B080BD80B584B00290029830
:1056500000900020ADF80600FFE7BDF806000C281A
:1056600057D8FFE70098BDF8061001EBC10248F6D5
:105670009A11C0F6010111F8121000F03DFE20B998
:10568000FFE700208DF80F0047E0BDF8060000EBB3
:10569000C00148F69A10C0F6010000EB41004078C6
:1056A000A8B1FFE70098BDF8061001EBC10248F66B
:1056B0009A11C0F6010101EB4202111D527800F06F
:1056C00097FD20B9FFE700208DF80F0025E0BDF819
:1056D000060000EBC00148F69A10C0F6010000EB8E
:1056E0004100408870B1FFE7BDF8060000EBC00143
:1056F00048F69A10C0F6010000EB41004088EFF731
:10570000EFFAFFE7FFE7BDF806000130ADF806004D
:10571000A3E701208DF80F00FFE79DF80F0004B00C
:1057200080BD000000000000B0B59CB094468E46DD
:10573000044622982199209A1A948DF867E0ADF8D2
:1057400064C0ADF86230ADF86020ADF85E10ADF821
:105750005C001A98019002A800F0DAF8BDF8600029
:1057600020B1FFE7BDF85E0020B9FFE703208DF808
:105770006F0030E00199BDF86400898D884207DA36
:10578000FFE70199BDF86200C98D884204DBFFE79D
:1057900000208DF86F001EE001989DF867108DF8CD
:1057A0000810BDF86410ADF80A10BDF86210ADF82D
:1057B0000C10BDF86010ADF80E10BDF85E10ADF81D
:1057C0001010BDF85C10ADF81A1002A9FFF7E8FE42
:1057D0008DF86F00FFE79DF86F001CB0B0BD0000B2
:1057E00080B584B0039002910399019102980968F1
:1057F000884201D0FFE70DE001994868098901223C
:10580000F0F79AFF0198002180F8CD15042100F0EF
:105810002FFDFFE704B080BD80B584B003900291F6
:105820000399019102980968884201D0FFE70AE0D4
:105830000199486809890122F0F77EFF019900204B
:1058400081F8CD05FFE704B080BD00000000000036
:1058500080B586B004900391ADF80A208DF8093028
:1058600004980190039820B1FFE7BDF80A0040B901
:10587000FFE70198032100F0FBFC02208DF81700E0
:105880003FE00398BDF80A10FBF786FB01994868D2
:1058900009890022F0F750FF0199C868098A9DF82C
:1058A0000920002A18BF0122F0F746FF019800687E
:1058B0000399BDF80A20F4F773FB8DF808009DF8F2
:1058C000080038B9FFE70199012081F8CD058DF86E
:1058D000170016E00199486809890122F0F72CFFAA
:1058E0009DF80800022804D1FFE700208DF817007A
:1058F00007E00198042100F0BBFC02208DF817009E
:10590000FFE79DF8170006B080BD00000000000012
:1059100086B00490049900910591002001900870D0
:1059200048808880C880088148818881C881012298
:105930000A8248828882C88208838876C8760A7775
:1059400008624862088581F82A0001F12B00533172
:1059500002910390FFE70399029A002001F8010BDE
:10596000084691420390F6D1FFE7059806B07047CC
:1059700080B59CB01A901A980790002180F85F1AA1
:1059800090F87805013801460891082800F28B83C9
:105990000899DFE811F00900300162018201090075
:1059A0008C020F026A00CC000798D0F8540A20B18C
:1059B000FFE700208DF86F0098E307990120C1F8F8
:1059C000540AB1F87A05898D884207DAFFE707990A
:1059D000B1F87C05C98D884204DBFFE700208DF813
:1059E0006F0083E3079AB2F87A05A2F8400AB2F88A
:1059F0007C05A2F8420AB2F87E05918DB2F8402AE1
:105A0000891A89B2884207DDFFE70799888DB1F8C6
:105A1000401A401A069004E00798B0F87E050690F8
:105A2000FFE7079A0698A2F8440AB2F88005D18DDC
:105A3000B2F8422A891A89B2884207DDFFE707993E
:105A4000C88DB1F8421A401A059004E00798B0F8E2
:105A500080050590FFE707990598A1F8460A002000
:105A6000A1F8480AA1F84A0A21E30798D0F8540A95
:105A700020B1FFE700208DF86F0037E30799012080
:105A8000C1F8540AB1F87A05898D884207DAFFE730
:105A90000799B1F87C05C98D884204DBFFE7002037
:105AA0008DF86F0022E3079800F5AF610491B0F81C
:105AB0007A25A0F8402AB0F87C25A0F8422A01F007
:105AC000A7FC049902460798A0F8442A01F0BCFC00
:105AD000079AA2F8460AB2F8440A918DB2F8402A11
:105AE000891A89B2884208DDFFE70799888DB1F8E5
:105AF000402A801AA1F8440AFFE7079AB2F8460A3A
:105B0000D18DB2F8422A891A89B2884208DDFFE7AE
:105B10000799C88DB1F8422A801AA1F8460AFFE712
:105B200007990020A1F8480AA1F84A0ABFE207989D
:105B3000D0F8540A20B1FFE700208DF86F00D5E2BD
:105B400007990120C1F8540AB1F87A05898D884275
:105B500007DAFFE70799B1F87C05C98D884204DBB5
:105B6000FFE700208DF86F00C0E2079AB2F87A05CF
:105B7000A2F8400AB2F87C05A2F8420AB2F87E0503
:105B8000918DB2F8402A891A89B2884207DDFFE771
:105B90000799888DB1F8401A401A039004E00798DD
:105BA000B0F87E050390FFE7079A0398A2F8440A2D
:105BB000B2F88005D18DB2F8422A891A89B288429A
:105BC00007DDFFE70799C88DB1F8421A401A029025
:105BD00004E00798B0F880050290FFE70799029863
:105BE000A1F8460AB1F88C05A1F8480AB1F88E056B
:105BF000A1F84A0A5BE20798D0F8540A20B1FFE7FF
:105C000000208DF86F0071E207990120C1F8540A55
:105C1000B1F87A05898D884207DAFFE70799B1F86C
:105C20007C05C98D884204DBFFE700208DF86F00FA
:105C30005CE20799B1F87A05A1F8400AB1F87C0551
:105C4000A1F8420A0120A1F8440AA1F8460A00205E
:105C5000A1F8480AA1F84A0A29E207980DF166015D
:105C600019AA00F0B5FB20B9FFE700208DF86F00FE
:105C70003CE20799BDF86600A1F8400ABDF864004F
:105C8000A1F8420A0120A1F8440AA1F8460A00201E
:105C9000A1F8480AA1F84A0A09E20799B1F888056B
:105CA000ADF86200BDF86200B1F87E15884206DDED
:105CB000FFE70798B0F87E05ADF86200FFE70799A7
:105CC000BDF86200B1F88015884206DDFFE707984D
:105CD000B0F88005ADF86200FFE70799B1F85C0AFB
:105CE000B1F88015884204DBFFE700208DF86F00D3
:105CF000FCE10798B0F87C15B0F85C2A1144A0F8D4
:105D0000421A0121A0F8461A0021A0F8481AA0F86A
:105D10004A1AB0F85C0ABDF8621088420CDBFFE753
:105D20000799B1F85C0AB1F88015BDF86220891AAC
:105D300089B2884212DBFFE70799B1F87A05A1F82A
:105D4000400AB1F87E05A1F8440AB1F85C0A0130B6
:105D5000A1F85C0A002081F85E0A2AE0079890F812
:105D60005E0A68B9FFE70799B1F87A05A1F8400A19
:105D7000BDF86200A1F8440A012081F85E0A17E02C
:105D80000799B1F87A05B1F87E251044BDF8622074
:105D9000801AA1F8400ABDF86200A1F8440AB1F8DF
:105DA0005C0A0130A1F85C0A002081F85E0AFFE776
:105DB000FFE77CE1FFE70799B1F85C0AB1F88615C7
:105DC000490089B2884204DDFFE700208DF86F00AA
:105DD0008CE10798B0F85C1AB0F88625891A1791FB
:105DE000B0F88605404316901699179800FB1010DE
:105DF000FBF7AAF80799ADF85600B1F87A05BDF897
:105E00005620801A1490B1F87A05BDF85620104437
:105E10001390B1F85C0A0130A1F85C0A13980028CD
:105E200017D4FFE707991498898D884211DAFFE7A4
:105E30000798B0F87C0517990844002809D4FFE7B3
:105E40000799B1F87C05179A1044C98D884201DB87
:105E5000FFE7B0E71498B0F1FF3F03DCFFE7002055
:105E60001490FFE707991398898D884205DBFFE7B7
:105E70000798808D01381390FFE707991498A1F8CF
:105E8000400AB1F87C05179A1044A1F8420A139809
:105E9000149A801A0130A1F8440A0120A1F8460A98
:105EA0000020A1F8480AA1F84A0AFFE7FFE0079995
:105EB000B1F88605B1F88815884208DDFFE7079933
:105EC000B1F88605B1F88815401A019002E000206B
:105ED0000190FFE701981090FFE70799B1F85C0A7D
:105EE000B1F88615490089B2884204DDFFE7002039
:105EF0008DF86F00FAE00798B0F85C1AB0F88625C4
:105F0000891A1291B0F87C15129A11440B91B0F8CD
:105F10008605404311901199129800FB1010FBF771
:105F200013F8ADF83E00109840430A901298404391
:105F3000099009990A9A0020914298BF01208DF892
:105F40003B009DF83B0018B9FFE70020009006E0F9
:105F50000A980999401AFAF7F7FF0090FFE70098AE
:105F6000ADF83C000B98002806D4FFE707990B9882
:105F7000C98D88420ADBFFE70799B1F85C0A013056
:105F8000A1F85C0A002081F85E0AA6E7109858B1D3
:105F9000FFE79DF83B0038B1FFE7BDF83E00BDF8D4
:105FA0003C10884216DCFFE70799B1F87A05BDF886
:105FB0003E20801A0D90B1F87A05BDF83E201044BD
:105FC0000C90B1F85C0A0130A1F85C0A002081F85D
:105FD0005E0A2EE0079890F85E0A90B9FFE70799ED
:105FE000B1F87A05BDF83E20801A0D90B1F87A25F7
:105FF000BDF83C00C04310440C90012081F85E0ABB
:1060000016E00799B1F87A05BDF83C20104401303C
:106010000D90B1F87A05BDF83E2010440C90B1F80F
:106020005C0A0130A1F85C0A002081F85E0AFFE7F3
:10603000FFE70C9800280BD4FFE707990D98898D8E
:10604000884205DAFFE70D980C99884201DDFFE7E9
:1060500043E70D98B0F1FF3F03DCFFE700200D9010
:10606000FFE707990C98898D884205DBFFE70798C1
:10607000808D01380C90FFE707990D98A1F8400A30
:106080000B98A1F8420A0C980D9A801A0130A1F8D9
:10609000440A0120A1F8460A0020A1F8480AA1F804
:1060A0004A0AFFE703E000208DF86F001EE0079822
:1060B000B0F8440A28B1FFE70798B0F8460A20B9BB
:1060C000FFE700208DF86F0010E007990020C1F86D
:1060D0004C0AB1F8440AB1F8462A5043C1F8500AB4
:1060E000012081F85F0A8DF86F00FFE79DF86F00CF
:1060F0001CB080BD0000000080B586B084460898C2
:10610000CDF810C0ADF80E10ADF80C20ADF80A3087
:10611000ADF80800049800902A2100F0EDF820B9AD
:10612000FFE700208DF817005EE00098BDF80E1024
:10613000028E1144ADF80E10BDF80A10028E114403
:10614000ADF80A109DF80F108DF804109DF80E1090
:106150008DF805109DF80B108DF806109DF80A10AB
:106160008DF8071001A9042200F042F820B9FFE7DA
:1061700000208DF8170037E000982B2100F0BCF8C4
:1061800020B9FFE700208DF817002DE00098BDF83A
:106190000C10428E1144ADF80C10BDF80810428E60
:1061A0001144ADF808109DF80D108DF804109DF8FD
:1061B0000C108DF805109DF809108DF806109DF84B
:1061C00008108DF8071001A9042200F011F820B979
:1061D000FFE700208DF8170006E000982C2100F062
:1061E0008BF88DF81700FFE79DF8170006B080BD0B
:1061F00080B586B004900391ADF80A200498019010
:10620000039820B1FFE7BDF80A0020B9FFE700209E
:106210008DF8170025E00199486809890022F0F7F8
:106220008BFA0199C868098A01220092F0F784FA72
:10623000019800680399BDF80A204FF47A73F3F7C8
:10624000BBFC0199009A8DF8090048680989F0F7AC
:1062500073FA9DF80900B0FA80F040098DF8170034
:10626000FFE79DF8170006B080BD000000000000A9
:1062700080B59AB019908DF8631019990291486809
:1062800009890122F0F758FA02990020019081F85B
:10629000CD0581F8740581F8750581F8760503A8A8
:1062A00000905421EAF735FA0098FFF731FB029885
:1062B000009900F5AF605322EAF7D7F901980299E7
:1062C00081F8CC0581F85F0A81F8CE059DF863005E
:1062D00081F82900032081F828001AB080BD000051
:1062E00081B00090009890F87605C0F11000C0B21F
:1062F00001B070470000000080B586B005908DF8B1
:106300001310059902914868098900220192F0F75B
:1063100013FA019A0299C868098AF0F70DFA0298EF
:1063200000680DF11301012203924FF47A73F3F721
:1063300043FC0299039A8DF8120048680989F0F726
:10634000FBF99DF81200B0FA80F0400906B080BD5C
:1063500080B598B017901798019090F8CC0598B137
:10636000FFE7019890F8760570B1FFE7019991F881
:106370007405013000F00F0081F8740591F876057E
:10638000013881F87605FFE702A800905421EAF76A
:10639000C0F90098FFF7BCFA0198009900F5AF60CA
:1063A0005322EAF762F90199002081F8CC0581F8BF
:1063B0005F0A81F8CE0581F8290091F87625022040
:1063C000002A08BF012081F8280018B080BD000015
:1063D00080B586B0049003910292049800900398CF
:1063E00018B1FFE7029820B9FFE700208DF81700E9
:1063F0002DE0FFE70099D1F8540AD1F8581A8842E5
:1064000021D2FFE70098D0F8541A4A1CC0F8542A49
:1064100001910199039A029B01F0A2F990B1FFE763
:10642000009903980088898D88420BDAFFE700996C
:1064300002980088C98D884204DAFFE701208DF8B0
:10644000170004E0D6E700208DF81700FFE79DF85D
:10645000170006B080BD0000B0B592B01190109149
:106460000F92119904911098086006A803902421B6
:10647000EAF74FF90398FDF787FB04980699079A06
:10648000089BDDF824C0DDF828E00B9C8461C0F88F
:1064900014E0C0F810C0C360826041600C990D9A8E
:1064A0000262C161BDF838109DF83A2080F82620BC
:1064B00081840021059180F8741580F8751580F8A5
:1064C000761580F8CC1580F8CD1580F8CE1580F8BB
:1064D000291080F82810006818B1FFE70F9838B924
:1064E000FFE70499032081F8290081F828007EE065
:1064F00004980F9A029211685368D2F808C0D2F833
:106500000CE01469556985614461C0F810E0C0F879
:106510000CC0836041609169D3690362C161118CD1
:1065200092F8222080F826208184406860B1FFE73D
:106530000498C06840B1FFE70498406920B1FFE7C4
:106540000498C06938B9FFE70499032081F829004D
:1065500081F828004BE0049A106841F25111C0F60E
:106560000101F7F77DFA40B9FFE70499042081F8AB
:106570002900032081F8280039E00498FEF7F0FD97
:106580000498FFF761F838B1FFE7049890F82510F8
:10659000FEF722FF40B9FFE70499042081F82900A3
:1065A000032081F8280022E0049890F82620212179
:1065B000002A08BF2021FFF79FFE30B1FFE70498B3
:1065C0000021FEF775FF40B9FFE70499042081F828
:1065D0002900032081F8280009E004980121019195
:1065E000FEF7D2FE0499019881F82800FFE712B067
:1065F000B0BD00000000000080B586B00590ADF889
:1066000012100598818DC38DBDF812C06A46C2F87C
:1066100008C053601160012100231A46FFF784F877
:1066200006B080BD0000000080B590B00F900F98BC
:106630000490006880B1FFE7049890F8280058B1F2
:10664000FFE7049890F82800032805D0FFE7049896
:1066500090F8CD0508B1FFE7B6E1049890F8CC05B5
:1066600000285CD1FFE7049890F8760528B9FFE789
:106670000499012081F82800A6E1049890F8741587
:10668000542211FB0201343100F5AF605322E9F7C7
:10669000ECFF0498012180F8CC150021C0F8541AB1
:1066A000C0F8581AA0F85C1A80F85E1A80F85F1AD1
:1066B00090F87805032821D1FFE70499B1F87A050D
:1066C000B1F88215FAF700FD04990D90B1F87C0538
:1066D000B1F88415FAF7F8FC0C900D980C998842E3
:1066E00003D9FFE70D98039002E00C980390FFE7B1
:1066F000049903980130C1F8580AFFE70498FFF79E
:1067000037F920B9FFE70498FFF722FE5CE104990E
:10671000012081F8CE05022081F82800FFE70498C7
:1067200090F8CE05013801460291062800F2478113
:106730000299DFE811F007001E00520069009D0079
:10674000B7003501049800F2CF512A2280F8CF25F6
:1067500001220023FFF77CF88DF83B009DF83B00F9
:10676000012805D1FFE70499022081F8CE05FFE753
:106770002AE10498B0F8401AB0F8442A1144028E75
:1067800011440139ADF82E10B0F8401A028E1144B0
:10679000ADF82C109DF82D2000F2CF5180F8CF25B8
:1067A0009DF82C2080F8D0259DF82F2080F8D12549
:1067B0009DF82E2080F8D22504220123FFF748F807
:1067C0008DF83B009DF83B00012805D1FFE70499B7
:1067D000032081F8CE05FFE7F6E0049800F2CF51E0
:1067E0002B2280F8CF2501220023FFF731F88DF806
:1067F0003B009DF83B00012805D1FFE704990420E8
:1068000081F8CE05FFE7DFE00498B0F8421AB0F84F
:10681000462A1144428E11440139ADF82A10B0F8CD
:10682000421A428E1144ADF828109DF8292000F23A
:10683000CF5180F8CF259DF8282080F8D0259DF8ED
:106840002B2080F8D1259DF82A2080F8D22504221B
:106850000123FEF7FDFF8DF83B009DF83B0001286A
:1068600005D1FFE70499052081F8CE05FFE7ABE0ED
:10687000049800F2CF512C2280F8CF25012200236A
:10688000FEF7E6FF8DF83B009DF83B00012808D19C
:10689000FFE704990020C1F84C0A062081F8CE05D4
:1068A000FFE791E00498D0F84C1AD0F8500A401A4B
:1068B00009900998B0F50C7F04D9FFE74FF40C70EC
:1068C000019002E009980190FFE70198ADF82200DD
:1068D0000020ADF82000FFE7BDF82000BDF8221031
:1068E000884236DAFFE70498D0F84C1ABDF8202029
:1068F00011440791079BB0F8442AB3FBF2F101FB66
:106900001231ADF81A100799B0F8442AB1FBF2F130
:10691000ADF81810BDF81A10BDF8182000F0D4FD1D
:106920000499ADF816009DF8170001F5BC61BDF89B
:10693000202001F812009DF81600BDF8202001EB80
:1069400042014870FFE7BDF820000130ADF820009B
:10695000C2E7049800F5BC61BDF82220520092B253
:106960000123FEF775FF8DF83B009DF83B000128E1
:1069700015D1FFE70499BDF82220D1F84C0A104444
:10698000C1F84C0AD1F84C0AD1F8501A884205D304
:10699000FFE70499072081F8CE05FFE7FFE713E042
:1069A0000498FEF7E5FF28B1FFE70499012081F87C
:1069B000CE0503E00498FFF7CBFCFFE704E0049862
:1069C0000421FFF755FCFFE710B080BD0000000078
:1069D00080B58EB00C900C9809900D900021089114
:1069E0000160043007902421E9F793FE0798FDF732
:1069F000CBF80898099981F8280081F8290081F8D6
:106A00002A00F0228A854FF48C72CA8508861420E9
:106A1000488601F1340001F274510A910B90FFE7AE
:106A20000B9806905421E9F774FE0698FEF770FF64
:106A300006980A9A00F15401084691420B90EFD152
:106A4000FFE709980021039180F8741580F8751507
:106A500080F8761500F5AF6002905421E9F759FEF1
:106A60000298FEF755FF0398099981F8CC0581F843
:106A7000CD0581F8CE0581F8CF0501F5BA6001F2A8
:106A8000D35104910590FFE70599049A002001F87D
:106A9000010B084691420590F6D1FFE709990020C5
:106AA00081F8E00501F2E15001F5246100910190C7
:106AB000FFE70199009A002001F8010B0846914276
:106AC0000190F6D1FFE709990020A1F8400AA1F84A
:106AD000420AA1F8440AA1F8460AA1F8480AA1F816
:106AE0004A0AC1F84C0AC1F8500AC1F8540AC1F860
:106AF000580AA1F85C0A81F85E0A81F85F0A0D98CD
:106B00000EB080BD0000000082B001908DED000A43
:106B100001990098486402B070470000000000002E
:106B200082B001908DED000A01990098C86402B00E
:106B3000704700000000000080B58AB009900998F5
:106B400001900021089107910691059190ED110A9D
:106B500090ED121A30EE410A8DED040A9DED040A03
:106B6000F9F7CAFE01988DED030A9DED030A90ED39
:106B7000011AB4EE410AF1EE10FA07DAFFE70199C3
:106B8000886C4864002004900390FFE7019890ED22
:106B9000080A9DED041A20EE010A8DED080A90ED19
:106BA0000E0AB5EE400AF1EE10FA0DD1FFE701989A
:106BB00090ED0F0AB5EE400AF1EE10FA04D1FFE7AE
:106BC0004FF07E50029044E001989DED030A90ED55
:106BD0000E1AB4EE410AF1EE10FA04DCFFE74FF0B2
:106BE0007E50029026E0019890ED0E0A9DED031A6A
:106BF000B4EE410AF1EE10FA1BDAFFE701989DEDC1
:106C0000030A90ED0F1AB4EE410AF1EE10FA10DA11
:106C1000FFE7019890ED0E2A90ED0F1A9DED030A03
:106C200031EE400A31EE421A80EE010A8DED020A81
:106C3000FFE7FFE701989DED030A90ED0F1AB4EE10
:106C4000410AF1EE10FA03DBFFE700200290FFE7B4
:106C5000FFE7019890ED0C0AB5EE400AF1EE10FA4C
:106C600010D0FFE7019901F14C0091ED092A91ED57
:106C70000C1AB1EE410A80EE020AC1EE020AF9F7DF
:106C80000FFCFFE7019890ED100AB5EE400AF1EE17
:106C900010FA18D1FFE701989DED021A90ED002A35
:106CA00090ED130A21EE021A9DED042AA1EE020ACC
:106CB00080ED130A90ED090A90ED131A20EE010AF7
:106CC0008DED070A28E001989DED030A90ED101A5A
:106CD000B4EE410AF1EE10FA18DAFFE701989DEDE3
:106CE000021A90ED002A90ED130A21EE021A9DED92
:106CF000042AA1EE020A80ED130A90ED090A90ED34
:106D0000131A20EE010A8DED070A04E00199002014
:106D1000C8640790FFE7FFE70198007A90B9FFE7A2
:106D2000019890ED001A90ED063A90ED0A0A9DED5B
:106D3000042A32EE432A20EE020A80EE010A8DED8B
:106D4000060A11E0019890ED001A90ED053A90EDD9
:106D5000072A90ED0A0A32EE432A20EE020A80EE5C
:106D6000010A8DED060AFFE7019890ED042A90EDE7
:106D70000B1A90ED110A30EE420A20EE010A8DED59
:106D8000050A9DED080A9DED071A30EE010A9DEDFA
:106D9000061A30EE010A9DED051A30EE010A80ED6B
:106DA000070A90ED0D0AB5EE400AF1EE10FA0AD08E
:106DB000FFE7019901F11C00D1ED0D0AB1EE600A67
:106DC000F9F76EFBFFE70199886CC860486C0861B1
:106DD000C8694861049888610AB080BD000000005D
:106DE0008EB002AA0092024600980D9280ED0A0A27
:106DF000C0ED090A80ED081AC0ED071A80ED062AD9
:106E0000C0ED052A80ED043AC0ED033A80ED024A58
:106E1000C0ED014A80ED005A8DF807100D990C98CD
:106E200008620B9848620A9888620998C8620898B4
:106E300008630798486303980860029848600698BA
:106E400088630598C863049808649DF80700087271
:106E50000EB070470000000081B00090009890EDE7
:106E6000070A01B07047000082B001908DED000A62
:106E700001990098886402B070470000000000008B
:106E800081B0009000980021C16001614161816181
:106E9000C161016241628162C162016341638163D8
:106EA000C163016441648164C16401B07047000042
:106EB00080B592B011908DED100A0F9100200290D4
:106EC0000E900D900C900B908DF821008DF8200005
:106ED0009DED100AB5EE400AF1EE10FA0146B8BF7A
:106EE00001218DF81F100F9A42F2200111814FF0FD
:106EF0002031516011600F9988729DED100AB4EE37
:106F0000400AF1EE10FA09D0FFE744F24E10C0F249
:106F10004E000B9003208DF82100DBE09DED100A60
:106F20009FED791AB4EE410AF1EE10FA09DDFFE7A0
:106F300044F64960C0F246000B9003208DF8210012
:106F4000C7E09DED100A9FED711AB4EE410AF1EE13
:106F500010FA0CDAFFE700208DF8300044F62D100F
:106F6000C4F24E600B9004208DF82100B0E09DF833
:106F70001F0038B1FFE79DED100AB1EE400A8DED1C
:106F8000010A04E09DED100A8DED010AFFE79DED79
:106F9000010A8DED060A9DED061A9FED5D2AB6EEFB
:106FA000000AA1EE020ABCEEC00A8DED050A0599A1
:106FB00048F21F50C5F2EB10A1FB002149090491D2
:106FC000059AA2FB00104009642100FB11200390E8
:106FD0009DF81F0048B1FFE79DF82120501C8DF857
:106FE00021000BA92D208854FFE7FFE704984CF6F9
:106FF000CD41CCF6CC41A0FB0132D20802EB82029B
:10700000A0EB420040F030009DF820305A1C8DF873
:1070100020200DF12202D0540498A0FB0110C008DA
:107020000490FFE704990020009041B1FFE79DF82C
:10703000201000200A2938BF01200090FFE70098A7
:10704000C0070028D2D1FFE7FFE79DF8200088B1F4
:10705000FFE79DF8200001388DF82000C1B20DF146
:107060002200405C9DF82120511C8DF821100BA9B5
:107070008854EAE79DF82120501C8DF821000BA9C7
:107080002E20885403984CF6CD42CCF6CC42A0FB7F
:107090000203302000EBD3009DF8213003F1010CF6
:1070A0008DF821C0C8540398A0FB0232D20802EB2D
:1070B0008202A0EB420040F030009DF82120531CDA
:1070C0008DF8213088549DF8212000208854FFE756
:1070D000FFE7FFE79DF821000B2809D3FFE70F9991
:1070E00042F2233008814FF023304860086008E006
:1070F0000F989DF82120801A0A300BA9E9F770FA41
:10710000FFE712B080BD00BF0AD7A34B0AD7A3CBBD
:107110000000C8420000000080B586B004900391D2
:107120008DF80B208DF80A30039838B1FFE79DF8F1
:107130000A000399C979884204DBFFE700208DF833
:1071400017005AE00398C06850B1FFE70398C2687F
:107150009DF80B009DF80A1090478DF817004CE041
:107160000398006820B1FFE70398007A20B9FFE791
:1071700000208DF8170040E09DF80B008DF8090005
:107180009DF8090003990979884207DBFFE79DF81C
:10719000090003994979884216DDFFE73F208DF801
:1071A00009009DF8090003990979884207DBFFE788
:1071B0009DF8090003994979884204DDFFE7002022
:1071C0008DF8170019E0FFE70399C879097A484359
:1071D00001909DF8090003990A79097A801A019AA9
:1071E00042439DF80A0010FB0120009003980068BC
:1071F0000099405C8DF81700FFE79DF8170006B076
:1072000080BD0000000000008BB00A900991089238
:1072100000208DF814000998C00F8DF813009DF818
:10722000130020B1FFE709984042019002E009985D
:107230000190FFE701980390089808B9FFE75AE02A
:10724000FFE703984CF6CD41CCF6CC41A0FB0132D0
:10725000D20802EB8202A0EB420040F030009DF821
:1072600014305A1C8DF814200DF11502D0540398D7
:10727000A0FB0110C0080390FFE7039900200090D5
:1072800041B1FFE79DF8141000200B2938BF012001
:107290000090FFE70098C0070028D2D1FFE7002048
:1072A0008DF80B009DF8130048B1FFE708999DF891
:1072B0000B20501C8DF80B002D208854FFE7FFE7B2
:1072C0009DF8140088B1FFE79DF8140001388DF88F
:1072D0001400C1B20DF11500405C08999DF80B2017
:1072E000531C8DF80B308854EAE708999DF80B2061
:1072F00000208854FFE70BB070470000000000003A
:1073000080B58AB008900791ADF81A20ADF8183012
:1073100008980290079840B1FFE70798406A20B1AB
:10732000FFE70798007F20B9FFE70020ADF82600AF
:1073300067E00799486A407A097F4843ADF816002C
:10734000BDF81A00BDF81610B0FBF1F0ADF814004E
:10735000BDF814000799C97E884205DBFFE707984E
:10736000008DADF826004CE0BDF81A20BDF81610CF
:10737000B2FBF1F000FB11200799097FB0FBF1F09F
:10738000ADF81200BDF818000799097FB0FBF1F0C5
:10739000ADF81000BDF812000799496A8979884252
:1073A00008DAFFE7BDF810000799496AC9798842F1
:1073B00005DBFFE70798008DADF8260021E0029875
:1073C000079A516ABDF814301A4492F82A209DF8A1
:1073D0001030FFF7A1FE8DF80F009DF80F00BDF8EB
:1073E0001210C840C00720B1FFE70798408A0190FB
:1073F00003E00798008D0190FFE70198ADF82600A3
:10740000FFE7BDF826000AB080BD000000000000C4
:1074100083B001900091009820B1FFE70098406A86
:1074200020B9FFE70020ADF80A0009E00099486A9A
:10743000427AC87E097F50434843ADF80A00FFE70F
:10744000BDF80A0003B0704783B001900091009826
:1074500020B1FFE70098406A20B9FFE70020ADF8AF
:107460000A0007E00099486AC079097F4843ADF8EF
:107470000A00FFE7BDF80A0003B0704700000000F3
:1074800084B002900191ADF80220ADF8003001986F
:1074900020B1FFE70198006A20B9FFE70020ADF8AE
:1074A0000E000DE0019A106ABDF80010128BBDF8B5
:1074B000023001FB023130F81100ADF80E00FFE799
:1074C000BDF80E0004B0704780B586B00490ADF8EA
:1074D0000E10ADF80C2004980090B0F8481ABDF8D2
:1074E0000E201144ADF80A10B0F84A1ABDF80C206D
:1074F0001144ADF8081090F8780501380146019163
:10750000082831D80199DFE801F01D2929291D2912
:1075100029051100009800F5AF61BDF80A20BDF8FB
:107520000830FFF7EDFEADF8160021E0009800F5F9
:10753000AF61BDF80A20BDF80830FFF7A1FFADF834
:10754000160015E0009800F5AF61BDF80A20BDF8FF
:10755000083000F005FAADF8160009E00098B0F820
:107560008A05ADF8160003E00020ADF81600FFE72D
:10757000BDF8160006B080BD94B01290ADF846106C
:10758000ADF844201298079090F87805032804D1AC
:10759000FFE701208DF84F00DBE0079890F87805B1
:1075A000042868D1FFE70798BDF84610B0F87A259F
:1075B000891AADF84210BDF84410B0F87C25891A3C
:1075C000ADF84010B0F88805ADF83E00BDF84210A7
:1075D000BDF83E2001209142069046DBFFE7BDF852
:1075E0004010BDF83E200120914206903DDBFFE7B0
:1075F0000798BDF842100591B0F87E05BDF83E1021
:10760000884209DDFFE70798B0F87E05BDF83E1017
:10761000401A80B2049002E000200490FFE7059930
:10762000049A0120914206901FD2FFE70798BDF807
:1076300040100391B0F88005BDF83E10884209DD86
:10764000FFE70798B0F88005BDF83E10401A80B2F9
:10765000029002E000200290FFE70399029A0020C6
:10766000914228BF01200690FFE7069800F0010034
:107670008DF84F006DE0079890F87805062806D041
:10768000FFE7079890F8780507285ED1FFE707988D
:10769000BDF84610B0F87A25891A0E91BDF844104D
:1076A000B0F87C25891A0D910E990D9A524301FB71
:1076B00001210C91B0F886150B910B9949430A9161
:1076C00090F87805072809D1FFE70C990A9A00205D
:1076D000914298BF01208DF84F003AE007990B982E
:1076E000B1F88815884207D9FFE707990B98B1F8D8
:1076F0008815401A019002E000200190FFE70198F0
:107700000990099840430890099848B9FFE70C99F7
:107710000A9A0020914298BF01208DF84F0018E08E
:107720000C990A9A00209142009008D8FFE70C9922
:10773000089A0020914288BF01200090FFE700983E
:1077400000F001008DF84F0003E000208DF84F009D
:10775000FFE79DF84F0014B07047000000000000E4
:1077600080B596B0149013911292119314980590CD
:10777000129818B1FFE7119820B9FFE700208DF8A3
:107780005700E6E0059890F87805032851D1FFE707
:107790000598D0F8580A30B1FFE70598D0F8580A94
:1077A0000138049002E000200490FFE70599049856
:1077B0000E90B1F88205B1F87A25801A0D90B1F8D3
:1077C0008405B1F87C15401A0C900E9840B9FFE77B
:1077D0000598B0F87A151091B0F87C050F9027E065
:1077E0000598B0F87A0501900D98C117139AA0FB7F
:1077F000020301FB02310E9A00230293E8F78AFE8E
:107800000199029B0246059811441091B0F87C053D
:1078100003900C98C117139AA0FB020C01FB02C144
:107820000E9AE8F777FE0146039808440F90FFE7A9
:1078300069E0059890F8780504282FD1FFE70598AE
:10784000139BB0F87E25B3FBF2F101FB1231ADF8CA
:107850002E101399B0F87E25B1FBF2F1ADF82C1083
:10786000B0F87A15BDF82E2011440A91B0F87C05C5
:10787000BDF82C1008440990BDF82A0028B9FFE78C
:107880000998B0F5803F04D3FFE700208DF857003A
:107890005FE00A98109009980F9033E0059890F8EF
:1078A0007805062806D0FFE7059890F878050728A0
:1078B00023D1FFE70598B0F88615490001310891FA
:1078C000139B089AB3FBF2F101FB1231B0F8862545
:1078D000891A07911399089AB1FBF2F1B0F886253D
:1078E000891A0691B0F87A15079A11441091B0F8E8
:1078F0007C05069908440F9003E000208DF857009E
:1079000027E0FFE7FFE7109800280ED4FFE70F9865
:1079100000280AD4FFE71098B0F5803F05DAFFE7AA
:107920000F98B0F5803F04DBFFE700208DF857008B
:107930000FE005981099129A11800F99119A1180F1
:1079400012990988119A1288FFF716FE8DF85700D0
:10795000FFE79DF8570016B080BD00000000000052
:1079600084B003900291ADF80620ADF8043002987F
:1079700018B9FFE70020009003E00298408A0090C9
:10798000FFE7009880B204B07047000000000000DC
:1079900081B0ADF80200BDF9020000280ED4FFE767
:1079A000BDF9021001F01F02012090404A094EF279
:1079B0000011CEF2000141F82200FFE701B070474C
:1079C0004EF60C50CEF200000068C0F30220704763
:1079D00082B0ADF806000091BDF9060000280AD477
:1079E000FFE700980001BDF906104EF20042CEF20A
:1079F000000288540BE000980001BDF8061001F069
:107A00000F014EF61452CEF200028854FFE702B086
:107A1000704700000000000083B00290029800F060
:107A2000070000904EF60C51CEF20001086801905C
:107A300001984FF6FF02104001900198009A40EA29
:107A400002200022C0F2FA5210430190019808600F
:107A500003B070470000000080B541F20070C2F230
:107A60000040FAF7B5FE80BD80B540F2E060C2F29A
:107A70000040F9F711FB80BD4AF24000C4F200005B
:107A8000006840F2D861C2F200410860704700000F
:107A900080B582B000200190EEF77EFEF6F770F818
:107AA000F5F7CEF8F4F784FFF5F70AF8F5F748F89C
:107AB000F5F786F8F5F7C0F9F5F7FAF9F5F734FABE
:107AC000F5F772FBF5F7B8FBF5F7E2FAF5F79CFA74
:107AD000F5F7FEFBF5F748FCF5F71EFBF6F7C8FED9
:107AE000FFE7F6F735FFFCE74100080218BF042066
:107AF0000A0E18BF40F001004FF07F4232EA010148
:107B000008BF40F00200012808BF052070470000B0
:107B100010EE101A08B5444A6846B2EB410F28D956
:107B20004FF0E640B0EB410F94BF00204FF0FF3024
:107B300000900098002861DB60EE000A10F0010F51
:107B400045D010F0020FDFED391A9FED391A00EE23
:107B5000A11ADFED381A40EE811A21EEA01AF0EEDC
:107B6000400A40EE010A08BFF1EE600AB0EE600A7A
:107B700008BD314B21F0004293423CD911F0004F37
:107B8000DFED2E0A20EE201ADFED2D0A19BF31EEAF
:107B9000601A71EE200A31EE201A71EE600ABDEE15
:107BA000E01A11EE100A9FED271A00F0030000EE14
:107BB000C10A9FED251A009000EEC10A9FED231A1D
:107BC00000EEC10A9FED221A00EEC10AB1E79FED57
:107BD000211A9FED210A10F0020F00EE810A9FED9D
:107BE0001F1A00EE801AB7EE000A00EE810A18BFD5
:107BF000B1EE400A08BD00F00FF99AE710EE100A46
:107C00004000B0F17F4F3CBFB7EE000A08BD07D17E
:107C10004FF00100E8F7C3FDBDE8084000F0ECB804
:107C2000BDE8084000F0E4B8B61F927E336D4CB951
:107C3000DA82083CA0AA2ABE490E494683F9223FAF
:107C40000000004B0000C93F00A0FD390020A23316
:107C50001A61342CB93AB2BACA9F2A3DDDFFFFBE81
:107C600000B510EE101A2DED028B81B0524A684615
:107C7000B2EB410F2ED94FF0E640B0EB410F94BF6D
:107C800000204FF0FF3000900098B0EE408A0028AE
:107C90006ADB10F0010F4BD068EE080A9FED471A1F
:107CA0009FED470A00EE810A9FED461A10F0020F81
:107CB00000EE801AB7EE000A00EE810A02BF01B0A2
:107CC000BDEC028B00BD00BF01B0B1EE400ABDECBF
:107CD000028B00BD3C4B21F00042934241D911F090
:107CE000004FDFED3A0A20EE201ADFED390A19BF06
:107CF00031EE601A71EE200A31EE201A71EE600A40
:107D0000BDEEE01A11EE100A9FED321A00F00300EA
:107D100000EEC10A9FED301A009000EEC10A9FEDFF
:107D20002F1A00EEC10A9FED2E1A00EEC10AABE732
:107D300028EE080A9FED2B1ADFED2B0A10F0020F38
:107D400040EE010A9FED291A00EE201A61EE000AAA
:107D5000B0EE480A08EE200AB6D101B0BDEC028BA5
:107D600000BD00F059F88FE718EE100A4000B0F19E
:107D70007F4F0DD218EE100AFFF7B6FE042808BF99
:107D800000F042F8B0EE480A01B0BDEC028B00BD35
:107D900009D10120E8F703FD01B0BDEC028B5DF8CD
:107DA00004EB00F029B801B0B0EE480ABDEC028B3C
:107DB0005DF804EB00F01CB8B61F927EB93AB2BA77
:107DC000CA9F2A3DDDFFFFBE490E494683F9223F87
:107DD0000000004B0000C93F00A0FD390020A23385
:107DE0001A61342C336D4CB9DA82083CA0AA2ABE41
:107DF00030EE000A70470000DFED020A80EEA00AB4
:107E000070470000000000009FED020A20EE000A0B
:107E100070470000000000102DE9F0014FF07F4294
:107E2000B2EB410F9FBF4FF0FF310160BDE8F001A1
:107E300070474FF0004242EA0123C1F3C752783A3B
:107E4000551112F01F0C434CCCF120067C44C1F3B9
:107E5000C752A2F178024FEA621204EB820254F890
:107E6000254008BFD2E9015612D0556804FA0CF437
:107E700025FA06F73C43976805FA0CF527FA06F849
:107E8000D26807FA0CFCF24045EA08054CEA020603
:107E9000A4FB034CA5FB0352A6FB03631D449D42B8
:107EA00034BF012600261319334416B1934202D978
:107EB00003E0934201D2012200E00022624402F179
:107EC000200C9206DC0C42EA443200EE102A5B03DE
:107ED000DFED210AF8EEC01A00EE103A4FEA9C1CC2
:107EE00011F0004FB8EE400AC0F800C020EE201A92
:107EF00000EE105ADFED190AB8EE400A20EE200A13
:107F000071EE810A70EE800A10EE902A02F500628E
:107F10006FF30B0200EE902A70EEE11A31EEC11AF7
:107F2000DFED101A30EE411A9FED0D0A20EE800AA7
:107F300001EE210A9FED0C1A00EE810A04BFBDE894
:107F4000F0017047CCF180510160BDE8F001B1EE65
:107F5000400A704748060000000000360000802CF0
:107F600022AAFD29DB0FC92F0000C92F491058BFD5
:107F7000C1F140415B1058BFC3F140438B42EFF366
:107F80000080704751EA030C17D41CF5801F58BFBE
:107F9000BCF5801F00F10680994218BF704708BFEA
:107FA0009042704707D711F5801F58BF13F5801F07
:107FB00019D499427047894270471CF5801F08D533
:107FC000BCF5801FF7D58B4218BF704708BF8242AF
:107FD00070474FF4001C1CEB410F38BF1CEB430FE4
:107FE00001D28B42704770B500F05AF992244900D3
:107FF0004FF000514FF08053FFF7B8BF4FEA4103F5
:108000004FEA5353A3F58063D3F11E03C8BFD3F1E6
:10801000210C0CDD4FF0004242EAC12242EA5052EC
:1080200032FA03FC8CEAE17CACEBE1707047102B78
:10803000C4BF0020704703F5787CBCF1FF3F04D03B
:108040006FF0004282EA2100704770B500F028F915
:108050004992248000207047F2E7000051EA030CA7
:1080600017D41CF5801F58BFBCF5801F00F1068097
:10807000994218BF704708BF9042704707D711F563
:10808000801F58BF13F5801F19D499427047894249
:1080900070471CF5801F08D5BCF5801FF7D58B42B3
:1080A00018BF704708BF824270474FF4001C1CEB9A
:1080B000410F38BF1CEB430F01D28B42704770B5A4
:1080C00000F0EEF8922449004FF080514FF0005339
:1080D000FFF74CBF51EA030C17D41CF5801F58BFA3
:1080E000BCF5801F00F10680994218BF704708BF99
:1080F0009042704707D711F5801F58BF13F5801FB6
:1081000019D499427047894270471CF5801F08D5E1
:10811000BCF5801FF7D58B4218BF704708BF82425D
:1081200070474FF4001C1CEB410F38BF1CEB430F92
:1081300001D28B42704770B500F0B2F8922449002A
:108140004FF000514FF08053FFF710BF70B5DFF8CC
:1081500048C11CEA111E1EBF1CEA13159EEA0C0F33
:1081600095EA0C0F00F06F8081EA03044EEAD47E9A
:10817000AE4421EA4C1123EA4C1341F4801143F43C
:108180008013AEF17F7EA1FB024CA0FB0365361984
:1081900055EB0C05A1FB034C4CF10003A0FB021CAA
:1081A00016EB0C06654153F10003094218BF46F077
:1081B000010613F4007F0BD14FEA03314FEA05307B
:1081C00041EA155140EA165034036FF003020AE009
:1081D0004FEAC3214FEAC52041EA555140EA5650C3
:1081E000F4026FF0020202EB2E4201EB025585EA27
:1081F000CE710AD05FEA440C18BF24F0004450F15D
:10820000000041F1000120EAD47040F2FE7C62459A
:1082100000D270BDA84214BF4FF080444FF04044DC
:10822000002E08BF0024BEF1806FA8BFA1F1C0419D
:10823000BDE8704080F2828001F1C04101F0004150
:108240004FF0000070470CEA13159EEA0C0F18BFA0
:1082500095EA0C0F06D081EA030E4FF000000EF0F5
:10826000004170BD00F01CF88900013E00F007B825
:1082700000F009B84FEA430C5FEA5C5C08D081EA81
:10828000030100F05BB84FEA410C5FEA5C5CF6D199
:1082900002494FF0000070470000FF070000F87F20
:1082A0000EF1020E2EF0030E5EF8046B364205D47A
:1082B000012A43EB030515F5001F12D8012841EBF5
:1082C000010C1CF5001F0CD80ED14FEAD17C0CEB31
:1082D0004C0C0CF1020C15F5001F08BF4CEBD37CC5
:1082E00004E04FF0080C01E04FEAD37C0CEB4C05A6
:1082F00026FA05F606F00706B6F1040C06D20EEBD8
:10830000860CBDE870404CF0010C6047DFE80CF0D3
:10831000090B02024FF00041A1F500214FF00000CF
:1083200070BD19461046012851EB010418BFD4F561
:10833000001484BF002001F0004170BD0808A0F5C2
:1083400000114FEA3101704743004FEAD30C4FEA66
:108350003C0C43401FBF40070CF1605113F0FE4F2F
:1083600070471CF0006F03D10CF0004100207047F3
:108370000CF0004343EA507040EACC0010B500F026
:1083800038F800BF000000924FEA0001FFF7D6BFA7
:108390004FF00041A1F500214FF00000704710B5EB
:1083A000FFF7F0FD0CBF0120002010BD10B5FFF756
:1083B000E9FD14BF0120002010BD10B5FFF74EFEEF
:1083C0008CBF0120002010BD10B5FFF747FE2CBF69
:1083D0000120002010BD10B5FFF77CFE94BF0120E6
:1083E000002010BD10B5FFF775FE34BF012000203E
:1083F00010BD0EF1020E2EF0030E5EF8044B244267
:1084000004D44FEA4102B2F17F4F11D84FEA400342
:10841000B3F17F4F0CD80ED14FEAD07C0CEB4C0C53
:108420000CF1020CB2F17F4F08BF4CEBD17C04E0A1
:108430004FF0080C01E04FEAD17C0CEB4C0324FA1E
:1084400003F404F00704B4F1040C06D20EEB840C20
:10845000BDE810404CF0010C6047DFE80CF0070865
:1084600002024FF00040A0F5800010BD0846420017
:1084700018BFD2F1807288BF00F0004010BDF1EE4D
:10848000100A4FF6FF71C0F2C03120EA010040F03F
:108490004070E1EE100A7047000000006E83F9A200
:1084A0002915444ED15727FCC0DD34F5999562DB80
:1084B0004190433CAB6351FE00000000000000000F
:1084C00000000000000000000000000001000000AB
:1084D0000200000003000000040000000000000093
:1084E0000500000000000000000000000000000087
:1084F0000600000000000000000000000000000076
:10850000070000000000803F0000000000000000A5
:10851000000000000000803F00000000000000009C
:10852000000000000000803F00000000000000008C
:10853000000000000000000000000000000000003B
:10854000000000000000000000000000000000002B
:10855000000000000000000000000000000000001B
:10856000000000000000000000000000000000000B
:1085700000000000000000000000000000000000FB
:1085800000000000000000000000000000000000EB
:1085900000000000000000000000000000000000DB
:1085A00000000000000000000000000000000000CB
:1085B00000000000000000000000000000000000BB
:1085C00000000000000000000000000000000000AB
:1085D000000000000000000000000000000000009B
:1085E000000000000000000000000000000000008B
:1085F000000000000000000000000000000000007B
:10860000000000000000000000000000000000006A
:10861000000000000000000000000000000000005A
:10862000000000000000000000000000000000004A
:108630000000000001020304010203040607080908
:108640000001020304050607080C1014182030402E
:108650000006101600061016FF00000016349DBE1E
:1086600001000000EA07FDBEFF000000000000005E
:1086700001000000000000000100000000000000F8
:1086800001000000000000000000000001020200E4
:1086900001020100020203000202040002020500BE
:1086A000D80FC9BF1E36913F00000000D80FC93F48
:1086B000D80FC9BFD80FC93F378D27C0378D274086
:1086C000D80FC9BFD80FC93FFFFF7FFFFFFF7F7FD4
:1086D000010000002443DE3F01000000334EC33C94
:1086E00001000000100779BE01000000000000003A
:1086F0000100000000000000010000000000000078
:108700000001000001030200010301000203030055
:1087100002030400020305001E3691BFD80FC93FB3
:10872000D80FC9BF00000000D80FC9BFD80FC93F7C
:10873000378D27C0378D2740D80FC9BFD80FC93F05
:10874000FFFF7FFFFFFF7F7F080402040801010194
:1087500001010103070100000100020004000600FE
:1087600008000A000C0010002000400080000001FA
:10877000000000000000000E11111F1111110F1157
:10878000110F11110F0E11010101110E0F11111115
:1087900011110F1F01010F01011F1F01010F010125
:1087A000010E11011D11110E1111111F1111110EC8
:1087B00004040404040E1C0808080809061109052D
:1087C000030509110101010101011F111B151511FB
:1087D0001111111315191111110E11111111110E81
:1087E0000F11110F0101010E1111111509160F11B1
:1087F000110F0509111E01010E10100F1F040404B2
:108800000404041111111111110E11111111110A89
:10881000041111111515150A11110A040A1111116B
:10882000110A040404041F10080402011F0E111988
:108830001513110E0406040404040E0E111008048E
:10884000021F1E10100E10101E080C0A091F080827
:108850001F01010F10100F0E01010F11110E1F103B
:1088600008040404040E11110E11110E0E11111E34
:1088700010100E000000000006060000001F00009F
:1088800000000606000606000A1F0A0A1F0A000E5C
:10889000111008040004040404040400040A0A0A71
:1088A00000000000040F050E140F0411110804024B
:1088B0001111060905021509160404020000000042
:1088C0000804020202040802040808080402000A5C
:1088D000041F040A000004041F0404000000000038
:1088E0000604021008080402020100000606000443
:1088F000020804020102040800001F001F00000219
:108900000408100804020E1119151D010E0E0202B2
:108910000202020E010202040808100E08080808EC
:10892000080E040A11000000000000000000001FF3
:10893000020408000000000C02020102020C040400
:1089400004040404040304040804040300000916D6
:10895000000000204142434445464748494A4B4CA9
:108960004D4E4F505152535455565758595A303115
:1089700032333435363738392E2D3A233F212224ED
:1089800025262728292A2B2C2F3B3C3D3E405B5C8B
:108990005D5E5F607B7C7D7E0000110078000000E2
:1089A0000000000000000000000000003A0100008C
:1089B0000500000000000000000000000000B205FB
:1089C00000000C0C00333300000000000000000029
:1089D000B7010000350000000000000000000000AA
:1089E0000000BB0100003200000000000000000099
:1089F00000000000C20100000100000000000000B3
:108A0000000000000000C30100001500000000008D
:108A10000000000000000000C40100002000000071
:108A200000000000000000000000C60100000F0070
:108A3000000000000000000000000000D002000064
:108A4000A4A1000000000000000000000000E00EF3
:108A50000000D0080E0909053133481714153134C8
:108A6000E10E0000D0080E0909153133481714151E
:108A70003134290014000000000000000000000054
:108A8000000000004D373200504147453A002D4963
:108A90004E46004E414E00434F4E54524F4C4C45B3
:108AA00052004C45465400524947485400000000CB
:108AB000E08A01080000002440050000300300089F
:108AC000408C010840050024481801009803000864
:108AD000C979FFFFBD79FFFFB179FFFF00000000FA
:108AE00042FF0152FC082006FD0090D00304101143
:108AF000A4DF3E3D0AD7A3BB4260653B0000008077
:108B000003333F00014380BF107101911C412020BD
:108B100011DB0FC9BF1E36913FAB37E03D8126C246
:108B20003C159011DF4F8D3D5CC4D6387A216E38EC
:108B300080768E3840520024220024C154E16C011A
:108B40001010216C213C3008EAC9043ED5786940F8
:108B5000A0113EE8D93C0A254238C65F9D3945CB75
:108B6000A5396C70041F85EB24C1B831DC011910E4
:108B700041D8117030093FD0A0B73DF4FDD4B4A066
:108B800011F31F523D935E7E3816C86538061AB53C
:108B900037D86005F4FD543D2401106C754C011369
:108BA000781005368D27C00424094069EBD83D9F15
:108BB000ABAD84B011002FDDA43D86DE45395A14DB
:108BC0004B39E454A96CA12401156CC23F74011007
:108BD000D83008884DDA3D2DB21DB4B4107CF2B007
:108BE0003BEC2D5937A8C8D6389FF3E0B070042D60
:108BF000B29D24012ED81005DB0F49C00464064045
:108C0000EFB2C83CCC20095AF5B93C5432E93604DD
:108C1000A4052C62F6354409FF8809FF8809848879
:108C20001601B4021010CD02000000000000000088
:108C30000000000000000000000000000000000034
:04000005080002CD20
:00000001FF
